[25Jun2026 15:47:29.161] [main/INFO] [cpw.mods.modlauncher.Launcher/MODLAUNCHER]: ModLauncher running: args [--gameDir, ., --launchTarget, fmlserver, --fml.forgeVersion, 36.2.42, --fml.mcpVersion, 20210115.111550, --fml.mcVersion, 1.16.5, --fml.forgeGroup, net.minecraftforge, nogui]
[25Jun2026 15:47:29.164] [main/INFO] [cpw.mods.modlauncher.Launcher/MODLAUNCHER]: ModLauncher 8.1.3+8.1.3+main-8.1.x.c94d18ec starting: java version 11.0.31 by Ubuntu
[25Jun2026 15:47:29.177] [main/DEBUG] [cpw.mods.modlauncher.LaunchServiceHandler/MODLAUNCHER]: Found launch services [minecraft,testharness,fmlclient,fmlserver]
[25Jun2026 15:47:29.192] [main/DEBUG] [cpw.mods.modlauncher.NameMappingServiceHandler/MODLAUNCHER]: Found naming services : []
[25Jun2026 15:47:29.250] [main/DEBUG] [cpw.mods.modlauncher.LaunchPluginHandler/MODLAUNCHER]: Found launch plugins: [mixin,eventbus,object_holder_definalize,runtime_enum_extender,capability_inject_definalize,accesstransformer,runtimedistcleaner]
[25Jun2026 15:47:29.257] [main/DEBUG] [cpw.mods.modlauncher.TransformationServicesHandler/MODLAUNCHER]: Discovering transformation services
[25Jun2026 15:47:29.277] [main/DEBUG] [cpw.mods.modlauncher.TransformationServicesHandler/MODLAUNCHER]: Found additional transformation services from discovery services: []
[25Jun2026 15:47:29.324] [main/DEBUG] [cpw.mods.modlauncher.TransformationServicesHandler/MODLAUNCHER]: Found transformer services : [mixin,fml]
[25Jun2026 15:47:29.324] [main/DEBUG] [cpw.mods.modlauncher.TransformationServicesHandler/MODLAUNCHER]: Transformation services loading
[25Jun2026 15:47:29.325] [main/DEBUG] [cpw.mods.modlauncher.TransformationServiceDecorator/MODLAUNCHER]: Loading service mixin
[25Jun2026 15:47:29.326] [main/DEBUG] [cpw.mods.modlauncher.TransformationServiceDecorator/MODLAUNCHER]: Loaded service mixin
[25Jun2026 15:47:29.326] [main/DEBUG] [cpw.mods.modlauncher.TransformationServiceDecorator/MODLAUNCHER]: Loading service fml
[25Jun2026 15:47:29.326] [main/DEBUG] [net.minecraftforge.fml.loading.FMLServiceProvider/]: Injecting tracing printstreams for STDOUT/STDERR.
[25Jun2026 15:47:29.331] [main/DEBUG] [net.minecraftforge.fml.loading.LauncherVersion/CORE]: Found FMLLauncher version 36.2
[25Jun2026 15:47:29.331] [main/DEBUG] [net.minecraftforge.fml.loading.FMLLoader/CORE]: FML 36.2 loading
[25Jun2026 15:47:29.331] [main/DEBUG] [net.minecraftforge.fml.loading.FMLLoader/CORE]: FML found ModLauncher version : 8.1.3+8.1.3+main-8.1.x.c94d18ec
[25Jun2026 15:47:29.331] [main/DEBUG] [net.minecraftforge.fml.loading.FMLLoader/CORE]: Initializing modjar URL handler
[25Jun2026 15:47:29.332] [main/DEBUG] [net.minecraftforge.fml.loading.FMLLoader/CORE]: FML found AccessTransformer version : 3.0.1+61+master.47bca0e
[25Jun2026 15:47:29.332] [main/DEBUG] [net.minecraftforge.fml.loading.FMLLoader/CORE]: FML found EventBus version : 4.0.0+65+master.6080a3f
[25Jun2026 15:47:29.333] [main/DEBUG] [net.minecraftforge.fml.loading.FMLLoader/CORE]: Found Runtime Dist Cleaner
[25Jun2026 15:47:29.335] [main/DEBUG] [net.minecraftforge.fml.loading.FMLLoader/CORE]: FML found CoreMod version : 4.0.6+14+master.c21a551
[25Jun2026 15:47:29.335] [main/DEBUG] [net.minecraftforge.fml.loading.FMLLoader/CORE]: Found ForgeSPI package implementation version 3.2.0+13+master.8ddb2cc
[25Jun2026 15:47:29.335] [main/DEBUG] [net.minecraftforge.fml.loading.FMLLoader/CORE]: Found ForgeSPI package specification 3
[25Jun2026 15:47:29.442] [main/INFO] [net.minecraftforge.fml.loading.FixSSL/CORE]: Added Lets Encrypt root certificates as additional trust
[25Jun2026 15:47:29.443] [main/DEBUG] [cpw.mods.modlauncher.TransformationServiceDecorator/MODLAUNCHER]: Loaded service fml
[25Jun2026 15:47:29.443] [main/DEBUG] [cpw.mods.modlauncher.TransformationServicesHandler/MODLAUNCHER]: Configuring option handling for services
[25Jun2026 15:47:29.451] [main/DEBUG] [cpw.mods.modlauncher.TransformationServicesHandler/MODLAUNCHER]: Transformation services initializing
[25Jun2026 15:47:29.452] [main/DEBUG] [cpw.mods.modlauncher.TransformationServiceDecorator/MODLAUNCHER]: Initializing transformation service mixin
[25Jun2026 15:47:29.494] [main/DEBUG] [mixin/]: Mixin bootstrap service org.spongepowered.asm.service.mojang.MixinServiceLaunchWrapperBootstrap is not available: LaunchWrapper is not available
[25Jun2026 15:47:29.495] [main/DEBUG] [mixin/]: MixinService [ModLauncher] was successfully booted in jdk.internal.loader.ClassLoaders$AppClassLoader@55054057
[25Jun2026 15:47:29.522] [main/INFO] [mixin/]: SpongePowered MIXIN Subsystem Version=0.8.4 Source=file:/workspaces/server-pa-juegar/servidor_minecraft/libraries/org/spongepowered/mixin/0.8.4/mixin-0.8.4.jar Service=ModLauncher Env=SERVER
[25Jun2026 15:47:29.529] [main/DEBUG] [mixin/]: Initialising Mixin Platform Manager
[25Jun2026 15:47:29.530] [main/DEBUG] [mixin/]: Adding mixin platform agents for container ModLauncher Root Container(ModLauncher:4f56a0a2)
[25Jun2026 15:47:29.530] [main/DEBUG] [mixin/]: Instancing new MixinPlatformAgentMinecraftForge for ModLauncher Root Container(ModLauncher:4f56a0a2)
[25Jun2026 15:47:29.532] [main/DEBUG] [mixin/]: MixinPlatformAgentMinecraftForge rejected container ModLauncher Root Container(ModLauncher:4f56a0a2)
[25Jun2026 15:47:29.532] [main/DEBUG] [mixin/]: Instancing new MixinPlatformAgentDefault for ModLauncher Root Container(ModLauncher:4f56a0a2)
[25Jun2026 15:47:29.532] [main/DEBUG] [mixin/]: MixinPlatformAgentDefault accepted container ModLauncher Root Container(ModLauncher:4f56a0a2)
[25Jun2026 15:47:29.535] [main/DEBUG] [cpw.mods.modlauncher.TransformationServiceDecorator/MODLAUNCHER]: Initialized transformation service mixin
[25Jun2026 15:47:29.535] [main/DEBUG] [cpw.mods.modlauncher.TransformationServiceDecorator/MODLAUNCHER]: Initializing transformation service fml
[25Jun2026 15:47:29.535] [main/DEBUG] [net.minecraftforge.fml.loading.FMLServiceProvider/CORE]: Setting up basic FML game directories
[25Jun2026 15:47:29.536] [main/DEBUG] [net.minecraftforge.fml.loading.FileUtils/CORE]: Found existing GAMEDIR directory : /workspaces/server-pa-juegar/servidor_minecraft
[25Jun2026 15:47:29.537] [main/DEBUG] [net.minecraftforge.fml.loading.FMLPaths/CORE]: Path GAMEDIR is /workspaces/server-pa-juegar/servidor_minecraft
[25Jun2026 15:47:29.538] [main/DEBUG] [net.minecraftforge.fml.loading.FileUtils/CORE]: Found existing MODSDIR directory : /workspaces/server-pa-juegar/servidor_minecraft/mods
[25Jun2026 15:47:29.538] [main/DEBUG] [net.minecraftforge.fml.loading.FMLPaths/CORE]: Path MODSDIR is /workspaces/server-pa-juegar/servidor_minecraft/mods
[25Jun2026 15:47:29.538] [main/DEBUG] [net.minecraftforge.fml.loading.FileUtils/CORE]: Found existing CONFIGDIR directory : /workspaces/server-pa-juegar/servidor_minecraft/config
[25Jun2026 15:47:29.539] [main/DEBUG] [net.minecraftforge.fml.loading.FMLPaths/CORE]: Path CONFIGDIR is /workspaces/server-pa-juegar/servidor_minecraft/config
[25Jun2026 15:47:29.539] [main/DEBUG] [net.minecraftforge.fml.loading.FMLPaths/CORE]: Path FMLCONFIG is /workspaces/server-pa-juegar/servidor_minecraft/config/fml.toml
[25Jun2026 15:47:29.540] [main/DEBUG] [net.minecraftforge.fml.loading.FMLServiceProvider/CORE]: Loading configuration
[25Jun2026 15:47:29.577] [main/DEBUG] [net.minecraftforge.fml.loading.FileUtils/CORE]: Found existing default config directory directory : /workspaces/server-pa-juegar/servidor_minecraft/defaultconfigs
[25Jun2026 15:47:29.577] [main/DEBUG] [net.minecraftforge.fml.loading.FMLServiceProvider/CORE]: Preparing ModFile
[25Jun2026 15:47:29.580] [main/DEBUG] [net.minecraftforge.fml.loading.FMLServiceProvider/CORE]: Preparing launch handler
[25Jun2026 15:47:29.580] [main/DEBUG] [net.minecraftforge.fml.loading.FMLLoader/CORE]: Using fmlserver as launch service
[25Jun2026 15:47:29.587] [main/DEBUG] [net.minecraftforge.fml.loading.FMLLoader/CORE]: Received command line version data  : MC Version: '1.16.5' MCP Version: '20210115.111550' Forge Version: '36.2.42' Forge group: 'net.minecraftforge'
[25Jun2026 15:47:29.588] [main/DEBUG] [net.minecraftforge.fml.loading.LibraryFinder/CORE]: Found JAR asm at path /workspaces/server-pa-juegar/servidor_minecraft/libraries/org/ow2/asm/asm/9.6/asm-9.6.jar
[25Jun2026 15:47:29.588] [main/DEBUG] [net.minecraftforge.fml.loading.LibraryFinder/CORE]: Found probable library path /workspaces/server-pa-juegar/servidor_minecraft/libraries
[25Jun2026 15:47:29.588] [main/DEBUG] [net.minecraftforge.fml.loading.LibraryFinder/CORE]: Found forge path /workspaces/server-pa-juegar/servidor_minecraft/libraries/net/minecraftforge/forge/1.16.5-36.2.42/forge-1.16.5-36.2.42-universal.jar is present
[25Jun2026 15:47:29.588] [main/DEBUG] [net.minecraftforge.fml.loading.LibraryFinder/CORE]: SRG MC at /workspaces/server-pa-juegar/servidor_minecraft/libraries/net/minecraft/server/1.16.5-20210115.111550/server-1.16.5-20210115.111550-srg.jar is present
[25Jun2026 15:47:29.588] [main/DEBUG] [net.minecraftforge.fml.loading.LibraryFinder/CORE]: MC Extras at /workspaces/server-pa-juegar/servidor_minecraft/libraries/net/minecraft/server/1.16.5-20210115.111550/server-1.16.5-20210115.111550-extra.jar is present
[25Jun2026 15:47:29.589] [main/DEBUG] [net.minecraftforge.fml.loading.LibraryFinder/CORE]: Forge patches at /workspaces/server-pa-juegar/servidor_minecraft/libraries/net/minecraftforge/forge/1.16.5-36.2.42/forge-1.16.5-36.2.42-server.jar is present
[25Jun2026 15:47:29.591] [main/DEBUG] [net.minecraftforge.fml.loading.LanguageLoadingProvider/CORE]: Found 0 language providers
[25Jun2026 15:47:29.591] [main/DEBUG] [net.minecraftforge.fml.loading.LanguageLoadingProvider/CORE]: Adding forge as a language from /workspaces/server-pa-juegar/servidor_minecraft/libraries/net/minecraftforge/forge/1.16.5-36.2.42/forge-1.16.5-36.2.42-universal.jar
[25Jun2026 15:47:29.593] [main/DEBUG] [net.minecraftforge.fml.loading.LanguageLoadingProvider/CORE]: Adding file:/workspaces/server-pa-juegar/servidor_minecraft/libraries/net/minecraftforge/forge/1.16.5-36.2.42/forge-1.16.5-36.2.42-universal.jar to languageloader classloader
[25Jun2026 15:47:29.636] [main/DEBUG] [net.minecraftforge.fml.loading.LanguageLoadingProvider/CORE]: Found 2 language providers
[25Jun2026 15:47:29.637] [main/DEBUG] [net.minecraftforge.fml.loading.LanguageLoadingProvider/CORE]: Found language provider javafml, version 36.2
[25Jun2026 15:47:29.644] [main/DEBUG] [net.minecraftforge.fml.loading.LanguageLoadingProvider/CORE]: Found language provider minecraft, version 1
[25Jun2026 15:47:29.646] [main/DEBUG] [cpw.mods.modlauncher.TransformationServiceDecorator/MODLAUNCHER]: Initialized transformation service fml
[25Jun2026 15:47:29.646] [main/DEBUG] [cpw.mods.modlauncher.NameMappingServiceHandler/MODLAUNCHER]: Current naming domain is 'srg'
[25Jun2026 15:47:29.647] [main/DEBUG] [cpw.mods.modlauncher.NameMappingServiceHandler/MODLAUNCHER]: Identified name mapping providers {}
[25Jun2026 15:47:29.647] [main/DEBUG] [cpw.mods.modlauncher.TransformationServicesHandler/MODLAUNCHER]: Transformation services begin scanning
[25Jun2026 15:47:29.648] [main/DEBUG] [cpw.mods.modlauncher.TransformationServiceDecorator/MODLAUNCHER]: Beginning scan trigger - transformation service mixin
[25Jun2026 15:47:29.649] [main/DEBUG] [cpw.mods.modlauncher.TransformationServiceDecorator/MODLAUNCHER]: End scan trigger - transformation service mixin
[25Jun2026 15:47:29.649] [main/DEBUG] [cpw.mods.modlauncher.TransformationServiceDecorator/MODLAUNCHER]: Beginning scan trigger - transformation service fml
[25Jun2026 15:47:29.649] [main/DEBUG] [net.minecraftforge.fml.loading.FMLServiceProvider/CORE]: Initiating mod scan
[25Jun2026 15:47:29.672] [main/DEBUG] [net.minecraftforge.fml.loading.moddiscovery.ModListHandler/CORE]: Found mod coordinates from lists: []
[25Jun2026 15:47:29.716] [main/DEBUG] [net.minecraftforge.fml.loading.moddiscovery.ModDiscoverer/CORE]: Found Mod Locators : (mods folder:null),(maven libs:null),(exploded directory:null),(minecraft:null)
[25Jun2026 15:47:29.778] [main/DEBUG] [net.minecraftforge.fml.loading.moddiscovery.ModFileParser/LOADING]: Considering mod file candidate /workspaces/server-pa-juegar/servidor_minecraft/mods/carryon-1.16.5-1.15.6.24.jar
[25Jun2026 15:47:29.807] [main/DEBUG] [net.minecraftforge.fml.loading.moddiscovery.ModFileInfo/LOADING]: Found valid mod file carryon-1.16.5-1.15.6.24.jar with {carryon} mods - versions {1.15.6.24}
[25Jun2026 15:47:29.808] [main/DEBUG] [net.minecraftforge.fml.loading.moddiscovery.ModFile/LOADING]: Loading mod file /workspaces/server-pa-juegar/servidor_minecraft/mods/carryon-1.16.5-1.15.6.24.jar with language javafml
[25Jun2026 15:47:29.808] [main/DEBUG] [net.minecraftforge.fml.loading.moddiscovery.ModFileParser/LOADING]: Considering mod file candidate /workspaces/server-pa-juegar/servidor_minecraft/mods/chunkloaders-1.2.9-forge-mc1.16.jar
[25Jun2026 15:47:29.811] [main/DEBUG] [net.minecraftforge.fml.loading.moddiscovery.ModFileInfo/LOADING]: Found valid mod file chunkloaders-1.2.9-forge-mc1.16.jar with {chunkloaders} mods - versions {1.2.9}
[25Jun2026 15:47:29.812] [main/DEBUG] [net.minecraftforge.fml.loading.moddiscovery.ModFile/LOADING]: Loading mod file /workspaces/server-pa-juegar/servidor_minecraft/mods/chunkloaders-1.2.9-forge-mc1.16.jar with language javafml
[25Jun2026 15:47:29.812] [main/DEBUG] [net.minecraftforge.fml.loading.moddiscovery.ModFileParser/LOADING]: Considering mod file candidate /workspaces/server-pa-juegar/servidor_minecraft/mods/curios-forge-1.16.5-4.1.0.0.jar
[25Jun2026 15:47:29.813] [main/DEBUG] [net.minecraftforge.fml.loading.moddiscovery.ModFileInfo/LOADING]: Found valid mod file curios-forge-1.16.5-4.1.0.0.jar with {curios} mods - versions {1.16.5-4.1.0.0}
[25Jun2026 15:47:29.814] [main/DEBUG] [net.minecraftforge.fml.loading.moddiscovery.ModFile/LOADING]: Loading mod file /workspaces/server-pa-juegar/servidor_minecraft/mods/curios-forge-1.16.5-4.1.0.0.jar with language javafml
[25Jun2026 15:47:29.814] [main/DEBUG] [net.minecraftforge.fml.loading.moddiscovery.ModFileParser/LOADING]: Considering mod file candidate /workspaces/server-pa-juegar/servidor_minecraft/mods/DungeonsArise-1.16.5-2.1.49-beta.jar
[25Jun2026 15:47:29.815] [main/DEBUG] [net.minecraftforge.fml.loading.moddiscovery.ModFileInfo/LOADING]: Found valid mod file DungeonsArise-1.16.5-2.1.49-beta.jar with {dungeons_arise} mods - versions {2.1.49}
[25Jun2026 15:47:29.817] [main/DEBUG] [net.minecraftforge.fml.loading.moddiscovery.ModFile/LOADING]: Loading mod file /workspaces/server-pa-juegar/servidor_minecraft/mods/DungeonsArise-1.16.5-2.1.49-beta.jar with language javafml
[25Jun2026 15:47:29.817] [main/DEBUG] [net.minecraftforge.fml.loading.moddiscovery.ModFileParser/LOADING]: Considering mod file candidate /workspaces/server-pa-juegar/servidor_minecraft/mods/FallingTree-1.16.5-2.11.7.jar
[25Jun2026 15:47:29.819] [main/DEBUG] [net.minecraftforge.fml.loading.moddiscovery.ModFileInfo/LOADING]: Found valid mod file FallingTree-1.16.5-2.11.7.jar with {fallingtree} mods - versions {2.11.7}
[25Jun2026 15:47:29.819] [main/DEBUG] [net.minecraftforge.fml.loading.moddiscovery.ModFile/LOADING]: Loading mod file /workspaces/server-pa-juegar/servidor_minecraft/mods/FallingTree-1.16.5-2.11.7.jar with language javafml
[25Jun2026 15:47:29.819] [main/DEBUG] [net.minecraftforge.fml.loading.moddiscovery.ModFileParser/LOADING]: Considering mod file candidate /workspaces/server-pa-juegar/servidor_minecraft/mods/goblintraders-1.7.3-1.16.5.jar
[25Jun2026 15:47:29.821] [main/DEBUG] [net.minecraftforge.fml.loading.moddiscovery.ModFileInfo/LOADING]: Found valid mod file goblintraders-1.7.3-1.16.5.jar with {goblintraders} mods - versions {1.7.3}
[25Jun2026 15:47:29.821] [main/DEBUG] [net.minecraftforge.fml.loading.moddiscovery.ModFile/LOADING]: Loading mod file /workspaces/server-pa-juegar/servidor_minecraft/mods/goblintraders-1.7.3-1.16.5.jar with language javafml
[25Jun2026 15:47:29.822] [main/DEBUG] [net.minecraftforge.fml.loading.moddiscovery.ModFileParser/LOADING]: Considering mod file candidate /workspaces/server-pa-juegar/servidor_minecraft/mods/Jade-1.16.4-2.8.3.jar
[25Jun2026 15:47:29.823] [main/DEBUG] [net.minecraftforge.fml.loading.moddiscovery.ModFileInfo/LOADING]: Found valid mod file Jade-1.16.4-2.8.3.jar with {jade,waila} mods - versions {2.8.3,2.8.3}
[25Jun2026 15:47:29.823] [main/DEBUG] [net.minecraftforge.fml.loading.moddiscovery.ModFile/LOADING]: Loading mod file /workspaces/server-pa-juegar/servidor_minecraft/mods/Jade-1.16.4-2.8.3.jar with language javafml
[25Jun2026 15:47:29.823] [main/DEBUG] [net.minecraftforge.fml.loading.moddiscovery.ModFileParser/LOADING]: Considering mod file candidate /workspaces/server-pa-juegar/servidor_minecraft/mods/jei-1.16.5-7.8.0.1013.jar
[25Jun2026 15:47:29.829] [main/DEBUG] [net.minecraftforge.fml.loading.moddiscovery.ModFileInfo/LOADING]: Found valid mod file jei-1.16.5-7.8.0.1013.jar with {jei} mods - versions {7.8.0.1013}
[25Jun2026 15:47:29.830] [main/DEBUG] [net.minecraftforge.fml.loading.moddiscovery.ModFile/LOADING]: Loading mod file /workspaces/server-pa-juegar/servidor_minecraft/mods/jei-1.16.5-7.8.0.1013.jar with language javafml
[25Jun2026 15:47:29.830] [main/DEBUG] [net.minecraftforge.fml.loading.moddiscovery.ModFileParser/LOADING]: Considering mod file candidate /workspaces/server-pa-juegar/servidor_minecraft/mods/journeymap-1.16.5-5.8.6.jar
[25Jun2026 15:47:29.831] [main/DEBUG] [net.minecraftforge.fml.loading.moddiscovery.ModFileInfo/LOADING]: Found valid mod file journeymap-1.16.5-5.8.6.jar with {journeymap} mods - versions {5.8.6}
[25Jun2026 15:47:29.834] [main/DEBUG] [net.minecraftforge.fml.loading.moddiscovery.ModFile/LOADING]: Loading mod file /workspaces/server-pa-juegar/servidor_minecraft/mods/journeymap-1.16.5-5.8.6.jar with language javafml
[25Jun2026 15:47:29.856] [main/DEBUG] [net.minecraftforge.fml.loading.moddiscovery.ModFileParser/LOADING]: Found coremod journeymap render event transformer with Javascript path render-event-transformer.js
[25Jun2026 15:47:29.856] [main/DEBUG] [net.minecraftforge.fml.loading.moddiscovery.ModFileParser/LOADING]: Found coremod journeymap potion effect transformer with Javascript path potion-effects-shift.js
[25Jun2026 15:47:29.856] [main/DEBUG] [net.minecraftforge.fml.loading.moddiscovery.ModFile/LOADING]: Found coremod render-event-transformer.js
[25Jun2026 15:47:29.856] [main/DEBUG] [net.minecraftforge.fml.loading.moddiscovery.ModFile/LOADING]: Found coremod potion-effects-shift.js
[25Jun2026 15:47:29.857] [main/DEBUG] [net.minecraftforge.fml.loading.moddiscovery.ModFileParser/LOADING]: Considering mod file candidate /workspaces/server-pa-juegar/servidor_minecraft/mods/sophisticatedbackpacks-1.16.5-3.15.20.755.jar
[25Jun2026 15:47:29.858] [main/DEBUG] [net.minecraftforge.fml.loading.moddiscovery.ModFileInfo/LOADING]: Found valid mod file sophisticatedbackpacks-1.16.5-3.15.20.755.jar with {sophisticatedbackpacks} mods - versions {1.16.5-3.15.20.755}
[25Jun2026 15:47:29.860] [main/DEBUG] [net.minecraftforge.fml.loading.moddiscovery.ModFile/LOADING]: Loading mod file /workspaces/server-pa-juegar/servidor_minecraft/mods/sophisticatedbackpacks-1.16.5-3.15.20.755.jar with language javafml
[25Jun2026 15:47:29.860] [main/DEBUG] [net.minecraftforge.fml.loading.moddiscovery.ModFileParser/LOADING]: Considering mod file candidate /workspaces/server-pa-juegar/servidor_minecraft/mods/supermartijn642configlib-1.1.8-forge-mc1.16.jar
[25Jun2026 15:47:29.861] [main/DEBUG] [net.minecraftforge.fml.loading.moddiscovery.ModFileInfo/LOADING]: Found valid mod file supermartijn642configlib-1.1.8-forge-mc1.16.jar with {supermartijn642configlib} mods - versions {1.1.8}
[25Jun2026 15:47:29.861] [main/DEBUG] [net.minecraftforge.fml.loading.moddiscovery.ModFile/LOADING]: Loading mod file /workspaces/server-pa-juegar/servidor_minecraft/mods/supermartijn642configlib-1.1.8-forge-mc1.16.jar with language javafml
[25Jun2026 15:47:29.862] [main/DEBUG] [net.minecraftforge.fml.loading.moddiscovery.ModFileParser/LOADING]: Considering mod file candidate /workspaces/server-pa-juegar/servidor_minecraft/mods/supermartijn642corelib-1.1.21-forge-mc1.16.jar
[25Jun2026 15:47:29.863] [main/DEBUG] [net.minecraftforge.fml.loading.moddiscovery.ModFileInfo/LOADING]: Found valid mod file supermartijn642corelib-1.1.21-forge-mc1.16.jar with {supermartijn642corelib} mods - versions {1.1.21}
[25Jun2026 15:47:29.864] [main/DEBUG] [net.minecraftforge.fml.loading.moddiscovery.ModFile/LOADING]: Loading mod file /workspaces/server-pa-juegar/servidor_minecraft/mods/supermartijn642corelib-1.1.21-forge-mc1.16.jar with language javafml
[25Jun2026 15:47:29.864] [main/DEBUG] [net.minecraftforge.fml.loading.moddiscovery.ModFileParser/LOADING]: Considering mod file candidate /workspaces/server-pa-juegar/servidor_minecraft/mods/Waystones_1.16.5-7.6.4.jar
[25Jun2026 15:47:29.865] [main/DEBUG] [net.minecraftforge.fml.loading.moddiscovery.ModFileInfo/LOADING]: Found valid mod file Waystones_1.16.5-7.6.4.jar with {waystones} mods - versions {7.6.4}
[25Jun2026 15:47:29.865] [main/DEBUG] [net.minecraftforge.fml.loading.moddiscovery.ModFile/LOADING]: Loading mod file /workspaces/server-pa-juegar/servidor_minecraft/mods/Waystones_1.16.5-7.6.4.jar with language javafml
[25Jun2026 15:47:29.866] [main/DEBUG] [net.minecraftforge.fml.loading.moddiscovery.ModFileParser/LOADING]: Considering mod file candidate /workspaces/server-pa-juegar/servidor_minecraft/libraries/net/minecraftforge/forge/1.16.5-36.2.42/forge-1.16.5-36.2.42-universal.jar
[25Jun2026 15:47:29.866] [main/DEBUG] [net.minecraftforge.fml.loading.moddiscovery.ModFileInfo/LOADING]: Found valid mod file forge-1.16.5-36.2.42-universal.jar with {forge} mods - versions {36.2.42}
[25Jun2026 15:47:29.879] [main/DEBUG] [net.minecraftforge.fml.loading.moddiscovery.ModFile/LOADING]: Loading mod file /workspaces/server-pa-juegar/servidor_minecraft/libraries/net/minecraftforge/forge/1.16.5-36.2.42/forge-1.16.5-36.2.42-universal.jar with language javafml
[25Jun2026 15:47:29.880] [main/DEBUG] [net.minecraftforge.fml.loading.moddiscovery.ModFileParser/LOADING]: Found coremod fieldtomethodtransformers with Javascript path META-INF/fieldtomethodtransformers.js
[25Jun2026 15:47:29.880] [main/DEBUG] [net.minecraftforge.fml.loading.moddiscovery.ModFileParser/LOADING]: Found coremod field_to_instanceof with Javascript path coremods/field_to_instanceof.js
[25Jun2026 15:47:29.881] [main/DEBUG] [net.minecraftforge.fml.loading.moddiscovery.ModFileParser/LOADING]: Found coremod add_bouncer_method with Javascript path coremods/add_bouncer_method.js
[25Jun2026 15:47:29.881] [main/DEBUG] [net.minecraftforge.fml.loading.moddiscovery.ModFile/LOADING]: Found coremod META-INF/fieldtomethodtransformers.js
[25Jun2026 15:47:29.881] [main/DEBUG] [net.minecraftforge.fml.loading.moddiscovery.ModFile/LOADING]: Found coremod coremods/field_to_instanceof.js
[25Jun2026 15:47:29.881] [main/DEBUG] [net.minecraftforge.fml.loading.moddiscovery.ModFile/LOADING]: Found coremod coremods/add_bouncer_method.js
[25Jun2026 15:47:29.881] [main/DEBUG] [net.minecraftforge.fml.loading.moddiscovery.ModFileParser/LOADING]: Considering mod file candidate /workspaces/server-pa-juegar/servidor_minecraft/libraries/net/minecraftforge/forge/1.16.5-36.2.42/forge-1.16.5-36.2.42-server.jar
[25Jun2026 15:47:29.883] [main/DEBUG] [net.minecraftforge.fml.loading.moddiscovery.ModFileInfo/LOADING]: Found valid mod file forge-1.16.5-36.2.42-server.jar with {minecraft} mods - versions {1.16.5}
[25Jun2026 15:47:29.884] [main/DEBUG] [net.minecraftforge.fml.loading.moddiscovery.ModFile/LOADING]: Loading mod file /workspaces/server-pa-juegar/servidor_minecraft/libraries/net/minecraftforge/forge/1.16.5-36.2.42/forge-1.16.5-36.2.42-server.jar with language minecraft
[25Jun2026 15:47:29.893] [main/DEBUG] [net.minecraftforge.fml.loading.ModSorter/LOADING]: Found 21 mod requirements (21 mandatory, 0 optional)
[25Jun2026 15:47:29.894] [main/DEBUG] [net.minecraftforge.fml.loading.ModSorter/LOADING]: Found 0 mod requirements missing (0 mandatory, 0 optional)
[25Jun2026 15:47:30.052] [main/INFO] [STDERR/]: [jdk.nashorn.api.scripting.NashornScriptEngine:<init>:143]: Warning: Nashorn engine is planned to be removed from a future JDK release
[25Jun2026 15:47:30.161] [main/INFO] [STDERR/]: [jdk.nashorn.api.scripting.NashornScriptEngine:<init>:143]: Warning: Nashorn engine is planned to be removed from a future JDK release
[25Jun2026 15:47:30.170] [main/INFO] [STDERR/]: [jdk.nashorn.api.scripting.NashornScriptEngine:<init>:143]: Warning: Nashorn engine is planned to be removed from a future JDK release
[25Jun2026 15:47:30.180] [main/INFO] [STDERR/]: [jdk.nashorn.api.scripting.NashornScriptEngine:<init>:143]: Warning: Nashorn engine is planned to be removed from a future JDK release
[25Jun2026 15:47:30.195] [main/INFO] [STDERR/]: [jdk.nashorn.api.scripting.NashornScriptEngine:<init>:143]: Warning: Nashorn engine is planned to be removed from a future JDK release
[25Jun2026 15:47:30.389] [main/DEBUG] [cpw.mods.modlauncher.TransformationServiceDecorator/MODLAUNCHER]: End scan trigger - transformation service fml
[25Jun2026 15:47:30.390] [main/DEBUG] [cpw.mods.modlauncher.TransformationServicesHandler/MODLAUNCHER]: Transformation services loading transformers
[25Jun2026 15:47:30.391] [main/DEBUG] [cpw.mods.modlauncher.TransformationServiceDecorator/MODLAUNCHER]: Initializing transformers for transformation service mixin
[25Jun2026 15:47:30.391] [main/DEBUG] [cpw.mods.modlauncher.TransformationServiceDecorator/MODLAUNCHER]: Initialized transformers for transformation service mixin
[25Jun2026 15:47:30.392] [main/DEBUG] [cpw.mods.modlauncher.TransformationServiceDecorator/MODLAUNCHER]: Initializing transformers for transformation service fml
[25Jun2026 15:47:30.392] [main/DEBUG] [net.minecraftforge.fml.loading.FMLServiceProvider/CORE]: Loading coremod transformers
[25Jun2026 15:47:30.392] [main/DEBUG] [net.minecraftforge.coremod.CoreModEngine/COREMOD]: Loading CoreMod from META-INF/fieldtomethodtransformers.js
[25Jun2026 15:47:30.558] [main/DEBUG] [net.minecraftforge.coremod.CoreModEngine/COREMOD]: CoreMod loaded successfully
[25Jun2026 15:47:30.559] [main/DEBUG] [net.minecraftforge.coremod.CoreModEngine/COREMOD]: Loading CoreMod from coremods/field_to_instanceof.js
[25Jun2026 15:47:30.957] [main/DEBUG] [net.minecraftforge.coremod.CoreModEngine/COREMOD]: CoreMod loaded successfully
[25Jun2026 15:47:30.957] [main/DEBUG] [net.minecraftforge.coremod.CoreModEngine/COREMOD]: Loading CoreMod from coremods/add_bouncer_method.js
[25Jun2026 15:47:31.167] [main/DEBUG] [net.minecraftforge.coremod.CoreModEngine/COREMOD]: CoreMod loaded successfully
[25Jun2026 15:47:31.168] [main/DEBUG] [net.minecraftforge.coremod.CoreModEngine/COREMOD]: Loading CoreMod from render-event-transformer.js
[25Jun2026 15:47:31.401] [main/DEBUG] [net.minecraftforge.coremod.CoreModEngine/COREMOD]: CoreMod loaded successfully
[25Jun2026 15:47:31.403] [main/DEBUG] [net.minecraftforge.coremod.CoreModEngine/COREMOD]: Loading CoreMod from potion-effects-shift.js
[25Jun2026 15:47:31.567] [main/DEBUG] [net.minecraftforge.coremod.CoreModEngine/COREMOD]: CoreMod loaded successfully
[25Jun2026 15:47:31.575] [main/DEBUG] [cpw.mods.modlauncher.TransformStore/MODLAUNCHER]: Adding transformer net.minecraftforge.coremod.transformer.CoreModMethodTransformer@39ffda4a to Target : METHOD {Lnet/minecraft/client/entity/player/AbstractClientPlayerEntity;} {func_175156_o} {()F}
[25Jun2026 15:47:31.576] [main/DEBUG] [cpw.mods.modlauncher.TransformStore/MODLAUNCHER]: Adding transformer net.minecraftforge.coremod.transformer.CoreModMethodTransformer@38cedb7d to Target : METHOD {Lnet/minecraft/client/renderer/FirstPersonRenderer;} {func_228396_a_} {(FLcom/mojang/blaze3d/matrix/MatrixStack;Lnet/minecraft/client/renderer/IRenderTypeBuffer$Impl;Lnet/minecraft/client/entity/player/ClientPlayerEntity;I)V}
[25Jun2026 15:47:31.576] [main/DEBUG] [cpw.mods.modlauncher.TransformStore/MODLAUNCHER]: Adding transformer net.minecraftforge.coremod.transformer.CoreModMethodTransformer@772caabe to Target : METHOD {Lnet/minecraft/client/renderer/entity/model/SkeletonModel;} {func_212843_a_} {(Lnet/minecraft/entity/MobEntity;FFF)V}
[25Jun2026 15:47:31.576] [main/DEBUG] [cpw.mods.modlauncher.TransformStore/MODLAUNCHER]: Adding transformer net.minecraftforge.coremod.transformer.CoreModMethodTransformer@2acdcce8 to Target : METHOD {Lnet/minecraft/client/renderer/entity/model/SkeletonModel;} {func_225597_a_} {(Lnet/minecraft/entity/MobEntity;FFFFF)V}
[25Jun2026 15:47:31.576] [main/DEBUG] [cpw.mods.modlauncher.TransformStore/MODLAUNCHER]: Adding transformer net.minecraftforge.coremod.transformer.CoreModMethodTransformer@7102ac3e to Target : METHOD {Lnet/minecraft/entity/monster/AbstractSkeletonEntity;} {func_230280_a_} {(Lnet/minecraft/item/ShootableItem;)Z}
[25Jun2026 15:47:31.576] [main/DEBUG] [cpw.mods.modlauncher.TransformStore/MODLAUNCHER]: Adding transformer net.minecraftforge.coremod.transformer.CoreModMethodTransformer@3f598450 to Target : METHOD {Lnet/minecraft/entity/monster/AbstractSkeletonEntity;} {func_85036_m} {()V}
[25Jun2026 15:47:31.576] [main/DEBUG] [cpw.mods.modlauncher.TransformStore/MODLAUNCHER]: Adding transformer net.minecraftforge.coremod.transformer.CoreModMethodTransformer@2db2a05f to Target : METHOD {Lnet/minecraft/client/renderer/FirstPersonRenderer;} {func_228396_a_} {(FLcom/mojang/blaze3d/matrix/MatrixStack;Lnet/minecraft/client/renderer/IRenderTypeBuffer$Impl;Lnet/minecraft/client/entity/player/ClientPlayerEntity;I)V}
[25Jun2026 15:47:31.577] [main/DEBUG] [cpw.mods.modlauncher.TransformStore/MODLAUNCHER]: Adding transformer net.minecraftforge.coremod.transformer.CoreModMethodTransformer@695c938d to Target : METHOD {Lnet/minecraft/client/renderer/FirstPersonRenderer;} {func_228405_a_} {(Lnet/minecraft/client/entity/player/AbstractClientPlayerEntity;FFLnet/minecraft/util/Hand;FLnet/minecraft/item/ItemStack;FLcom/mojang/blaze3d/matrix/MatrixStack;Lnet/minecraft/client/renderer/IRenderTypeBuffer;I)V}
[25Jun2026 15:47:31.577] [main/DEBUG] [cpw.mods.modlauncher.TransformStore/MODLAUNCHER]: Adding transformer net.minecraftforge.coremod.transformer.CoreModMethodTransformer@d5bb1c4 to Target : METHOD {Lnet/minecraft/client/renderer/entity/PlayerRenderer;} {func_241741_a_} {(Lnet/minecraft/client/entity/player/AbstractClientPlayerEntity;Lnet/minecraft/util/Hand;)Lnet/minecraft/client/renderer/entity/model/BipedModel$ArmPose;}
[25Jun2026 15:47:31.577] [main/DEBUG] [cpw.mods.modlauncher.TransformStore/MODLAUNCHER]: Adding transformer net.minecraftforge.coremod.transformer.CoreModMethodTransformer@7ed3df3b to Target : METHOD {Lnet/minecraft/entity/monster/PillagerEntity;} {func_230280_a_} {(Lnet/minecraft/item/ShootableItem;)Z}
[25Jun2026 15:47:31.577] [main/DEBUG] [cpw.mods.modlauncher.TransformStore/MODLAUNCHER]: Adding transformer net.minecraftforge.coremod.transformer.CoreModMethodTransformer@465b38e6 to Target : METHOD {Lnet/minecraft/entity/monster/PillagerEntity;} {func_241844_w} {(F)V}
[25Jun2026 15:47:31.577] [main/DEBUG] [cpw.mods.modlauncher.TransformStore/MODLAUNCHER]: Adding transformer net.minecraftforge.coremod.transformer.CoreModMethodTransformer@4b960b5b to Target : METHOD {Lnet/minecraft/entity/monster/piglin/PiglinEntity;} {func_208003_a} {(Lnet/minecraft/item/ItemStack;Lnet/minecraft/item/ItemStack;)Z}
[25Jun2026 15:47:31.577] [main/DEBUG] [cpw.mods.modlauncher.TransformStore/MODLAUNCHER]: Adding transformer net.minecraftforge.coremod.transformer.CoreModMethodTransformer@1b13467c to Target : METHOD {Lnet/minecraft/entity/monster/piglin/PiglinEntity;} {func_230280_a_} {(Lnet/minecraft/item/ShootableItem;)Z}
[25Jun2026 15:47:31.577] [main/DEBUG] [cpw.mods.modlauncher.TransformStore/MODLAUNCHER]: Adding transformer net.minecraftforge.coremod.transformer.CoreModMethodTransformer@7bd96822 to Target : METHOD {Lnet/minecraft/item/CrossbowItem;} {func_220013_l} {(Lnet/minecraft/item/ItemStack;)F}
[25Jun2026 15:47:31.577] [main/DEBUG] [cpw.mods.modlauncher.TransformStore/MODLAUNCHER]: Adding transformer net.minecraftforge.coremod.transformer.CoreModMethodTransformer@64dae3b7 to Target : METHOD {Lnet/minecraft/item/Item;} {func_219970_i} {(Lnet/minecraft/item/ItemStack;)Z}
[25Jun2026 15:47:31.578] [main/DEBUG] [cpw.mods.modlauncher.TransformStore/MODLAUNCHER]: Adding transformer net.minecraftforge.coremod.transformer.CoreModMethodTransformer@1fedf0a4 to Target : METHOD {Lnet/minecraft/client/renderer/FirstPersonRenderer;} {func_228405_a_} {(Lnet/minecraft/client/entity/player/AbstractClientPlayerEntity;FFLnet/minecraft/util/Hand;FLnet/minecraft/item/ItemStack;FLcom/mojang/blaze3d/matrix/MatrixStack;Lnet/minecraft/client/renderer/IRenderTypeBuffer;I)V}
[25Jun2026 15:47:31.578] [main/DEBUG] [cpw.mods.modlauncher.TransformStore/MODLAUNCHER]: Adding transformer net.minecraftforge.coremod.transformer.CoreModMethodTransformer@1e4c6583 to Target : METHOD {Lnet/minecraft/entity/item/ItemFrameEntity;} {func_110131_b} {(Lnet/minecraft/item/ItemStack;)V}
[25Jun2026 15:47:31.578] [main/DEBUG] [cpw.mods.modlauncher.TransformStore/MODLAUNCHER]: Adding transformer net.minecraftforge.coremod.transformer.CoreModMethodTransformer@2ee48610 to Target : METHOD {Lnet/minecraft/inventory/container/CartographyContainer$3;} {func_75214_a} {(Lnet/minecraft/item/ItemStack;)Z}
[25Jun2026 15:47:31.578] [main/DEBUG] [cpw.mods.modlauncher.TransformStore/MODLAUNCHER]: Adding transformer net.minecraftforge.coremod.transformer.CoreModMethodTransformer@1d901f20 to Target : METHOD {Lnet/minecraft/inventory/container/CartographyContainer;} {func_82846_b} {(Lnet/minecraft/entity/player/PlayerEntity;I)Lnet/minecraft/item/ItemStack;}
[25Jun2026 15:47:31.578] [main/DEBUG] [cpw.mods.modlauncher.TransformStore/MODLAUNCHER]: Adding transformer net.minecraftforge.coremod.transformer.CoreModMethodTransformer@6d08b4e6 to Target : METHOD {Lnet/minecraft/item/ItemStack;} {func_82840_a} {(Lnet/minecraft/entity/player/PlayerEntity;Lnet/minecraft/client/util/ITooltipFlag;)Ljava/util/List;}
[25Jun2026 15:47:31.578] [main/DEBUG] [cpw.mods.modlauncher.TransformStore/MODLAUNCHER]: Adding transformer net.minecraftforge.coremod.transformer.CoreModMethodTransformer@1015a4b9 to Target : METHOD {Lnet/minecraft/client/renderer/entity/FishRenderer;} {func_225623_a_} {(Lnet/minecraft/entity/projectile/FishingBobberEntity;FFLcom/mojang/blaze3d/matrix/MatrixStack;Lnet/minecraft/client/renderer/IRenderTypeBuffer;I)V}
[25Jun2026 15:47:31.578] [main/DEBUG] [cpw.mods.modlauncher.TransformStore/MODLAUNCHER]: Adding transformer net.minecraftforge.coremod.transformer.CoreModMethodTransformer@1acb74ad to Target : METHOD {Lnet/minecraft/entity/projectile/FishingBobberEntity;} {func_234600_a_} {(Lnet/minecraft/entity/player/PlayerEntity;)Z}
[25Jun2026 15:47:31.578] [main/DEBUG] [cpw.mods.modlauncher.TransformStore/MODLAUNCHER]: Adding transformer net.minecraftforge.coremod.transformer.CoreModMethodTransformer@7bf01cb to Target : METHOD {Lnet/minecraft/block/BeehiveBlock;} {func_225533_a_} {(Lnet/minecraft/block/BlockState;Lnet/minecraft/world/World;Lnet/minecraft/util/math/BlockPos;Lnet/minecraft/entity/player/PlayerEntity;Lnet/minecraft/util/Hand;Lnet/minecraft/util/math/BlockRayTraceResult;)Lnet/minecraft/util/ActionResultType;}
[25Jun2026 15:47:31.579] [main/DEBUG] [cpw.mods.modlauncher.TransformStore/MODLAUNCHER]: Adding transformer net.minecraftforge.coremod.transformer.CoreModMethodTransformer@2f382a5e to Target : METHOD {Lnet/minecraft/block/PumpkinBlock;} {func_225533_a_} {(Lnet/minecraft/block/BlockState;Lnet/minecraft/world/World;Lnet/minecraft/util/math/BlockPos;Lnet/minecraft/entity/player/PlayerEntity;Lnet/minecraft/util/Hand;Lnet/minecraft/util/math/BlockRayTraceResult;)Lnet/minecraft/util/ActionResultType;}
[25Jun2026 15:47:31.579] [main/DEBUG] [cpw.mods.modlauncher.TransformStore/MODLAUNCHER]: Adding transformer net.minecraftforge.coremod.transformer.CoreModMethodTransformer@12b5736c to Target : METHOD {Lnet/minecraft/block/TripWireBlock;} {func_176208_a} {(Lnet/minecraft/world/World;Lnet/minecraft/util/math/BlockPos;Lnet/minecraft/block/BlockState;Lnet/minecraft/entity/player/PlayerEntity;)V}
[25Jun2026 15:47:31.579] [main/DEBUG] [cpw.mods.modlauncher.TransformStore/MODLAUNCHER]: Adding transformer net.minecraftforge.coremod.transformer.CoreModMethodTransformer@539a138b to Target : METHOD {Lnet/minecraft/enchantment/EfficiencyEnchantment;} {func_92089_a} {(Lnet/minecraft/item/ItemStack;)Z}
[25Jun2026 15:47:31.579] [main/DEBUG] [cpw.mods.modlauncher.TransformStore/MODLAUNCHER]: Adding transformer net.minecraftforge.coremod.transformer.CoreModMethodTransformer@2cd4e16a to Target : METHOD {Lnet/minecraft/entity/passive/MooshroomEntity;} {func_230254_b_} {(Lnet/minecraft/entity/player/PlayerEntity;Lnet/minecraft/util/Hand;)Lnet/minecraft/util/ActionResultType;}
[25Jun2026 15:47:31.579] [main/DEBUG] [cpw.mods.modlauncher.TransformStore/MODLAUNCHER]: Adding transformer net.minecraftforge.coremod.transformer.CoreModMethodTransformer@42505474 to Target : METHOD {Lnet/minecraft/entity/passive/SheepEntity;} {func_230254_b_} {(Lnet/minecraft/entity/player/PlayerEntity;Lnet/minecraft/util/Hand;)Lnet/minecraft/util/ActionResultType;}
[25Jun2026 15:47:31.579] [main/DEBUG] [cpw.mods.modlauncher.TransformStore/MODLAUNCHER]: Adding transformer net.minecraftforge.coremod.transformer.CoreModMethodTransformer@7b477141 to Target : METHOD {Lnet/minecraft/entity/passive/SnowGolemEntity;} {func_230254_b_} {(Lnet/minecraft/entity/player/PlayerEntity;Lnet/minecraft/util/Hand;)Lnet/minecraft/util/ActionResultType;}
[25Jun2026 15:47:31.580] [main/DEBUG] [cpw.mods.modlauncher.TransformStore/MODLAUNCHER]: Adding transformer net.minecraftforge.coremod.transformer.CoreModMethodTransformer@784223e9 to Target : METHOD {Lnet/minecraft/client/renderer/WorldRenderer;} {func_215319_a} {(IIIZ)V}
[25Jun2026 15:47:31.580] [main/DEBUG] [cpw.mods.modlauncher.TransformStore/MODLAUNCHER]: Adding transformer net.minecraftforge.coremod.transformer.CoreModMethodTransformer@7316523a to Target : METHOD {Lnet/minecraft/client/gui/IngameGui;} {func_238444_a_} {(Lcom/mojang/blaze3d/matrix/MatrixStack;)V}
[25Jun2026 15:47:31.580] [main/DEBUG] [cpw.mods.modlauncher.TransformStore/MODLAUNCHER]: Adding transformer net.minecraftforge.coremod.transformer.CoreModClassTransformer@73a8e994 to Target : CLASS {Lnet/minecraft/potion/EffectInstance;} {} {V}
[25Jun2026 15:47:31.580] [main/DEBUG] [cpw.mods.modlauncher.TransformStore/MODLAUNCHER]: Adding transformer net.minecraftforge.coremod.transformer.CoreModClassTransformer@1a1cc163 to Target : CLASS {Lnet/minecraft/block/FlowingFluidBlock;} {} {V}
[25Jun2026 15:47:31.580] [main/DEBUG] [cpw.mods.modlauncher.TransformStore/MODLAUNCHER]: Adding transformer net.minecraftforge.coremod.transformer.CoreModClassTransformer@5b5ac798 to Target : CLASS {Lnet/minecraft/item/BucketItem;} {} {V}
[25Jun2026 15:47:31.580] [main/DEBUG] [cpw.mods.modlauncher.TransformStore/MODLAUNCHER]: Adding transformer net.minecraftforge.coremod.transformer.CoreModClassTransformer@42383cb0 to Target : CLASS {Lnet/minecraft/block/StairsBlock;} {} {V}
[25Jun2026 15:47:31.580] [main/DEBUG] [cpw.mods.modlauncher.TransformStore/MODLAUNCHER]: Adding transformer net.minecraftforge.coremod.transformer.CoreModClassTransformer@7668892a to Target : CLASS {Lnet/minecraft/block/FlowerPotBlock;} {} {V}
[25Jun2026 15:47:31.581] [main/DEBUG] [cpw.mods.modlauncher.TransformStore/MODLAUNCHER]: Adding transformer net.minecraftforge.coremod.transformer.CoreModClassTransformer@a83495d to Target : CLASS {Lnet/minecraft/item/FishBucketItem;} {} {V}
[25Jun2026 15:47:31.581] [main/DEBUG] [cpw.mods.modlauncher.TransformStore/MODLAUNCHER]: Adding transformer net.minecraftforge.coremod.transformer.CoreModClassTransformer@7e83992 to Target : CLASS {Lnet/minecraft/item/ItemStack;} {} {V}
[25Jun2026 15:47:31.581] [main/DEBUG] [cpw.mods.modlauncher.TransformStore/MODLAUNCHER]: Adding transformer net.minecraftforge.coremod.transformer.CoreModClassTransformer@4364863 to Target : CLASS {Lnet/minecraft/network/play/client/CClientSettingsPacket;} {} {V}
[25Jun2026 15:47:31.581] [main/DEBUG] [cpw.mods.modlauncher.TransformStore/MODLAUNCHER]: Adding transformer net.minecraftforge.coremod.transformer.CoreModClassTransformer@3625a016 to Target : CLASS {Lnet/minecraft/util/math/vector/TransformationMatrix;} {} {V}
[25Jun2026 15:47:31.581] [main/DEBUG] [cpw.mods.modlauncher.TransformStore/MODLAUNCHER]: Adding transformer net.minecraftforge.coremod.transformer.CoreModClassTransformer@267cde2e to Target : CLASS {Lnet/minecraft/util/math/vector/TransformationMatrix;} {} {V}
[25Jun2026 15:47:31.581] [main/DEBUG] [cpw.mods.modlauncher.TransformationServiceDecorator/MODLAUNCHER]: Initialized transformers for transformation service fml
[25Jun2026 15:47:31.650] [main/DEBUG] [mixin/]: Processing prepare() for PlatformAgent[MixinPlatformAgentDefault:ModLauncher Root Container(ModLauncher:4f56a0a2)]
[25Jun2026 15:47:31.651] [main/DEBUG] [mixin/]: Processing launch tasks for PlatformAgent[MixinPlatformAgentDefault:ModLauncher Root Container(ModLauncher:4f56a0a2)]
[25Jun2026 15:47:31.651] [main/DEBUG] [mixin/]: Adding mixin platform agents for container ContainerHandleModLauncher.Resource(forge-1.16.5-36.2.42-server.jar:/workspaces/server-pa-juegar/servidor_minecraft/libraries/net/minecraftforge/forge/1.16.5-36.2.42/forge-1.16.5-36.2.42-server.jar)
[25Jun2026 15:47:31.651] [main/DEBUG] [mixin/]: Instancing new MixinPlatformAgentMinecraftForge for ContainerHandleModLauncher.Resource(forge-1.16.5-36.2.42-server.jar:/workspaces/server-pa-juegar/servidor_minecraft/libraries/net/minecraftforge/forge/1.16.5-36.2.42/forge-1.16.5-36.2.42-server.jar)
[25Jun2026 15:47:31.652] [main/DEBUG] [mixin/]: MixinPlatformAgentMinecraftForge rejected container ContainerHandleModLauncher.Resource(forge-1.16.5-36.2.42-server.jar:/workspaces/server-pa-juegar/servidor_minecraft/libraries/net/minecraftforge/forge/1.16.5-36.2.42/forge-1.16.5-36.2.42-server.jar)
[25Jun2026 15:47:31.652] [main/DEBUG] [mixin/]: Instancing new MixinPlatformAgentDefault for ContainerHandleModLauncher.Resource(forge-1.16.5-36.2.42-server.jar:/workspaces/server-pa-juegar/servidor_minecraft/libraries/net/minecraftforge/forge/1.16.5-36.2.42/forge-1.16.5-36.2.42-server.jar)
[25Jun2026 15:47:31.652] [main/DEBUG] [mixin/]: MixinPlatformAgentDefault accepted container ContainerHandleModLauncher.Resource(forge-1.16.5-36.2.42-server.jar:/workspaces/server-pa-juegar/servidor_minecraft/libraries/net/minecraftforge/forge/1.16.5-36.2.42/forge-1.16.5-36.2.42-server.jar)
[25Jun2026 15:47:31.652] [main/DEBUG] [mixin/]: Processing prepare() for PlatformAgent[MixinPlatformAgentDefault:ContainerHandleModLauncher.Resource(forge-1.16.5-36.2.42-server.jar:/workspaces/server-pa-juegar/servidor_minecraft/libraries/net/minecraftforge/forge/1.16.5-36.2.42/forge-1.16.5-36.2.42-server.jar)]
[25Jun2026 15:47:31.653] [main/DEBUG] [mixin/]: Adding mixin platform agents for container ContainerHandleModLauncher.Resource(supermartijn642configlib-1.1.8-forge-mc1.16.jar:/workspaces/server-pa-juegar/servidor_minecraft/mods/supermartijn642configlib-1.1.8-forge-mc1.16.jar)
[25Jun2026 15:47:31.653] [main/DEBUG] [mixin/]: Instancing new MixinPlatformAgentMinecraftForge for ContainerHandleModLauncher.Resource(supermartijn642configlib-1.1.8-forge-mc1.16.jar:/workspaces/server-pa-juegar/servidor_minecraft/mods/supermartijn642configlib-1.1.8-forge-mc1.16.jar)
[25Jun2026 15:47:31.653] [main/DEBUG] [mixin/]: MixinPlatformAgentMinecraftForge rejected container ContainerHandleModLauncher.Resource(supermartijn642configlib-1.1.8-forge-mc1.16.jar:/workspaces/server-pa-juegar/servidor_minecraft/mods/supermartijn642configlib-1.1.8-forge-mc1.16.jar)
[25Jun2026 15:47:31.653] [main/DEBUG] [mixin/]: Instancing new MixinPlatformAgentDefault for ContainerHandleModLauncher.Resource(supermartijn642configlib-1.1.8-forge-mc1.16.jar:/workspaces/server-pa-juegar/servidor_minecraft/mods/supermartijn642configlib-1.1.8-forge-mc1.16.jar)
[25Jun2026 15:47:31.654] [main/DEBUG] [mixin/]: MixinPlatformAgentDefault accepted container ContainerHandleModLauncher.Resource(supermartijn642configlib-1.1.8-forge-mc1.16.jar:/workspaces/server-pa-juegar/servidor_minecraft/mods/supermartijn642configlib-1.1.8-forge-mc1.16.jar)
[25Jun2026 15:47:31.654] [main/DEBUG] [mixin/]: Processing prepare() for PlatformAgent[MixinPlatformAgentDefault:ContainerHandleModLauncher.Resource(supermartijn642configlib-1.1.8-forge-mc1.16.jar:/workspaces/server-pa-juegar/servidor_minecraft/mods/supermartijn642configlib-1.1.8-forge-mc1.16.jar)]
[25Jun2026 15:47:31.654] [main/DEBUG] [mixin/]: Adding mixin platform agents for container ContainerHandleModLauncher.Resource(sophisticatedbackpacks-1.16.5-3.15.20.755.jar:/workspaces/server-pa-juegar/servidor_minecraft/mods/sophisticatedbackpacks-1.16.5-3.15.20.755.jar)
[25Jun2026 15:47:31.654] [main/DEBUG] [mixin/]: Instancing new MixinPlatformAgentMinecraftForge for ContainerHandleModLauncher.Resource(sophisticatedbackpacks-1.16.5-3.15.20.755.jar:/workspaces/server-pa-juegar/servidor_minecraft/mods/sophisticatedbackpacks-1.16.5-3.15.20.755.jar)
[25Jun2026 15:47:31.654] [main/DEBUG] [mixin/]: MixinPlatformAgentMinecraftForge rejected container ContainerHandleModLauncher.Resource(sophisticatedbackpacks-1.16.5-3.15.20.755.jar:/workspaces/server-pa-juegar/servidor_minecraft/mods/sophisticatedbackpacks-1.16.5-3.15.20.755.jar)
[25Jun2026 15:47:31.655] [main/DEBUG] [mixin/]: Instancing new MixinPlatformAgentDefault for ContainerHandleModLauncher.Resource(sophisticatedbackpacks-1.16.5-3.15.20.755.jar:/workspaces/server-pa-juegar/servidor_minecraft/mods/sophisticatedbackpacks-1.16.5-3.15.20.755.jar)
[25Jun2026 15:47:31.655] [main/DEBUG] [mixin/]: MixinPlatformAgentDefault accepted container ContainerHandleModLauncher.Resource(sophisticatedbackpacks-1.16.5-3.15.20.755.jar:/workspaces/server-pa-juegar/servidor_minecraft/mods/sophisticatedbackpacks-1.16.5-3.15.20.755.jar)
[25Jun2026 15:47:31.655] [main/DEBUG] [mixin/]: Processing prepare() for PlatformAgent[MixinPlatformAgentDefault:ContainerHandleModLauncher.Resource(sophisticatedbackpacks-1.16.5-3.15.20.755.jar:/workspaces/server-pa-juegar/servidor_minecraft/mods/sophisticatedbackpacks-1.16.5-3.15.20.755.jar)]
[25Jun2026 15:47:31.655] [main/DEBUG] [mixin/]: Adding mixin platform agents for container ContainerHandleModLauncher.Resource(Jade-1.16.4-2.8.3.jar:/workspaces/server-pa-juegar/servidor_minecraft/mods/Jade-1.16.4-2.8.3.jar)
[25Jun2026 15:47:31.656] [main/DEBUG] [mixin/]: Instancing new MixinPlatformAgentMinecraftForge for ContainerHandleModLauncher.Resource(Jade-1.16.4-2.8.3.jar:/workspaces/server-pa-juegar/servidor_minecraft/mods/Jade-1.16.4-2.8.3.jar)
[25Jun2026 15:47:31.656] [main/DEBUG] [mixin/]: MixinPlatformAgentMinecraftForge rejected container ContainerHandleModLauncher.Resource(Jade-1.16.4-2.8.3.jar:/workspaces/server-pa-juegar/servidor_minecraft/mods/Jade-1.16.4-2.8.3.jar)
[25Jun2026 15:47:31.656] [main/DEBUG] [mixin/]: Instancing new MixinPlatformAgentDefault for ContainerHandleModLauncher.Resource(Jade-1.16.4-2.8.3.jar:/workspaces/server-pa-juegar/servidor_minecraft/mods/Jade-1.16.4-2.8.3.jar)
[25Jun2026 15:47:31.656] [main/DEBUG] [mixin/]: MixinPlatformAgentDefault accepted container ContainerHandleModLauncher.Resource(Jade-1.16.4-2.8.3.jar:/workspaces/server-pa-juegar/servidor_minecraft/mods/Jade-1.16.4-2.8.3.jar)
[25Jun2026 15:47:31.656] [main/DEBUG] [mixin/]: Processing prepare() for PlatformAgent[MixinPlatformAgentDefault:ContainerHandleModLauncher.Resource(Jade-1.16.4-2.8.3.jar:/workspaces/server-pa-juegar/servidor_minecraft/mods/Jade-1.16.4-2.8.3.jar)]
[25Jun2026 15:47:31.657] [main/DEBUG] [mixin/]: Adding mixin platform agents for container ContainerHandleModLauncher.Resource(jei-1.16.5-7.8.0.1013.jar:/workspaces/server-pa-juegar/servidor_minecraft/mods/jei-1.16.5-7.8.0.1013.jar)
[25Jun2026 15:47:31.657] [main/DEBUG] [mixin/]: Instancing new MixinPlatformAgentMinecraftForge for ContainerHandleModLauncher.Resource(jei-1.16.5-7.8.0.1013.jar:/workspaces/server-pa-juegar/servidor_minecraft/mods/jei-1.16.5-7.8.0.1013.jar)
[25Jun2026 15:47:31.657] [main/DEBUG] [mixin/]: MixinPlatformAgentMinecraftForge rejected container ContainerHandleModLauncher.Resource(jei-1.16.5-7.8.0.1013.jar:/workspaces/server-pa-juegar/servidor_minecraft/mods/jei-1.16.5-7.8.0.1013.jar)
[25Jun2026 15:47:31.657] [main/DEBUG] [mixin/]: Instancing new MixinPlatformAgentDefault for ContainerHandleModLauncher.Resource(jei-1.16.5-7.8.0.1013.jar:/workspaces/server-pa-juegar/servidor_minecraft/mods/jei-1.16.5-7.8.0.1013.jar)
[25Jun2026 15:47:31.657] [main/DEBUG] [mixin/]: MixinPlatformAgentDefault accepted container ContainerHandleModLauncher.Resource(jei-1.16.5-7.8.0.1013.jar:/workspaces/server-pa-juegar/servidor_minecraft/mods/jei-1.16.5-7.8.0.1013.jar)
[25Jun2026 15:47:31.658] [main/DEBUG] [mixin/]: Processing prepare() for PlatformAgent[MixinPlatformAgentDefault:ContainerHandleModLauncher.Resource(jei-1.16.5-7.8.0.1013.jar:/workspaces/server-pa-juegar/servidor_minecraft/mods/jei-1.16.5-7.8.0.1013.jar)]
[25Jun2026 15:47:31.658] [main/DEBUG] [mixin/]: Adding mixin platform agents for container ContainerHandleModLauncher.Resource(supermartijn642corelib-1.1.21-forge-mc1.16.jar:/workspaces/server-pa-juegar/servidor_minecraft/mods/supermartijn642corelib-1.1.21-forge-mc1.16.jar)
[25Jun2026 15:47:31.658] [main/DEBUG] [mixin/]: Instancing new MixinPlatformAgentMinecraftForge for ContainerHandleModLauncher.Resource(supermartijn642corelib-1.1.21-forge-mc1.16.jar:/workspaces/server-pa-juegar/servidor_minecraft/mods/supermartijn642corelib-1.1.21-forge-mc1.16.jar)
[25Jun2026 15:47:31.658] [main/DEBUG] [mixin/]: MixinPlatformAgentMinecraftForge rejected container ContainerHandleModLauncher.Resource(supermartijn642corelib-1.1.21-forge-mc1.16.jar:/workspaces/server-pa-juegar/servidor_minecraft/mods/supermartijn642corelib-1.1.21-forge-mc1.16.jar)
[25Jun2026 15:47:31.659] [main/DEBUG] [mixin/]: Instancing new MixinPlatformAgentDefault for ContainerHandleModLauncher.Resource(supermartijn642corelib-1.1.21-forge-mc1.16.jar:/workspaces/server-pa-juegar/servidor_minecraft/mods/supermartijn642corelib-1.1.21-forge-mc1.16.jar)
[25Jun2026 15:47:31.659] [main/DEBUG] [mixin/]: MixinPlatformAgentDefault accepted container ContainerHandleModLauncher.Resource(supermartijn642corelib-1.1.21-forge-mc1.16.jar:/workspaces/server-pa-juegar/servidor_minecraft/mods/supermartijn642corelib-1.1.21-forge-mc1.16.jar)
[25Jun2026 15:47:31.659] [main/DEBUG] [mixin/]: Processing prepare() for PlatformAgent[MixinPlatformAgentDefault:ContainerHandleModLauncher.Resource(supermartijn642corelib-1.1.21-forge-mc1.16.jar:/workspaces/server-pa-juegar/servidor_minecraft/mods/supermartijn642corelib-1.1.21-forge-mc1.16.jar)]
[25Jun2026 15:47:31.659] [main/DEBUG] [mixin/]: Registering mixin config: supermartijn642corelib.mixins.json
[25Jun2026 15:47:31.695] [main/DEBUG] [mixin/]: Adding mixin platform agents for container ContainerHandleModLauncher.Resource(chunkloaders-1.2.9-forge-mc1.16.jar:/workspaces/server-pa-juegar/servidor_minecraft/mods/chunkloaders-1.2.9-forge-mc1.16.jar)
[25Jun2026 15:47:31.696] [main/DEBUG] [mixin/]: Instancing new MixinPlatformAgentMinecraftForge for ContainerHandleModLauncher.Resource(chunkloaders-1.2.9-forge-mc1.16.jar:/workspaces/server-pa-juegar/servidor_minecraft/mods/chunkloaders-1.2.9-forge-mc1.16.jar)
[25Jun2026 15:47:31.696] [main/DEBUG] [mixin/]: MixinPlatformAgentMinecraftForge rejected container ContainerHandleModLauncher.Resource(chunkloaders-1.2.9-forge-mc1.16.jar:/workspaces/server-pa-juegar/servidor_minecraft/mods/chunkloaders-1.2.9-forge-mc1.16.jar)
[25Jun2026 15:47:31.697] [main/DEBUG] [mixin/]: Instancing new MixinPlatformAgentDefault for ContainerHandleModLauncher.Resource(chunkloaders-1.2.9-forge-mc1.16.jar:/workspaces/server-pa-juegar/servidor_minecraft/mods/chunkloaders-1.2.9-forge-mc1.16.jar)
[25Jun2026 15:47:31.697] [main/DEBUG] [mixin/]: MixinPlatformAgentDefault accepted container ContainerHandleModLauncher.Resource(chunkloaders-1.2.9-forge-mc1.16.jar:/workspaces/server-pa-juegar/servidor_minecraft/mods/chunkloaders-1.2.9-forge-mc1.16.jar)
[25Jun2026 15:47:31.697] [main/DEBUG] [mixin/]: Processing prepare() for PlatformAgent[MixinPlatformAgentDefault:ContainerHandleModLauncher.Resource(chunkloaders-1.2.9-forge-mc1.16.jar:/workspaces/server-pa-juegar/servidor_minecraft/mods/chunkloaders-1.2.9-forge-mc1.16.jar)]
[25Jun2026 15:47:31.697] [main/DEBUG] [mixin/]: Adding mixin platform agents for container ContainerHandleModLauncher.Resource(carryon-1.16.5-1.15.6.24.jar:/workspaces/server-pa-juegar/servidor_minecraft/mods/carryon-1.16.5-1.15.6.24.jar)
[25Jun2026 15:47:31.698] [main/DEBUG] [mixin/]: Instancing new MixinPlatformAgentMinecraftForge for ContainerHandleModLauncher.Resource(carryon-1.16.5-1.15.6.24.jar:/workspaces/server-pa-juegar/servidor_minecraft/mods/carryon-1.16.5-1.15.6.24.jar)
[25Jun2026 15:47:31.698] [main/DEBUG] [mixin/]: MixinPlatformAgentMinecraftForge rejected container ContainerHandleModLauncher.Resource(carryon-1.16.5-1.15.6.24.jar:/workspaces/server-pa-juegar/servidor_minecraft/mods/carryon-1.16.5-1.15.6.24.jar)
[25Jun2026 15:47:31.698] [main/DEBUG] [mixin/]: Instancing new MixinPlatformAgentDefault for ContainerHandleModLauncher.Resource(carryon-1.16.5-1.15.6.24.jar:/workspaces/server-pa-juegar/servidor_minecraft/mods/carryon-1.16.5-1.15.6.24.jar)
[25Jun2026 15:47:31.698] [main/DEBUG] [mixin/]: MixinPlatformAgentDefault accepted container ContainerHandleModLauncher.Resource(carryon-1.16.5-1.15.6.24.jar:/workspaces/server-pa-juegar/servidor_minecraft/mods/carryon-1.16.5-1.15.6.24.jar)
[25Jun2026 15:47:31.699] [main/DEBUG] [mixin/]: Processing prepare() for PlatformAgent[MixinPlatformAgentDefault:ContainerHandleModLauncher.Resource(carryon-1.16.5-1.15.6.24.jar:/workspaces/server-pa-juegar/servidor_minecraft/mods/carryon-1.16.5-1.15.6.24.jar)]
[25Jun2026 15:47:31.699] [main/DEBUG] [mixin/]: Adding mixin platform agents for container ContainerHandleModLauncher.Resource(FallingTree-1.16.5-2.11.7.jar:/workspaces/server-pa-juegar/servidor_minecraft/mods/FallingTree-1.16.5-2.11.7.jar)
[25Jun2026 15:47:31.699] [main/DEBUG] [mixin/]: Instancing new MixinPlatformAgentMinecraftForge for ContainerHandleModLauncher.Resource(FallingTree-1.16.5-2.11.7.jar:/workspaces/server-pa-juegar/servidor_minecraft/mods/FallingTree-1.16.5-2.11.7.jar)
[25Jun2026 15:47:31.699] [main/DEBUG] [mixin/]: MixinPlatformAgentMinecraftForge rejected container ContainerHandleModLauncher.Resource(FallingTree-1.16.5-2.11.7.jar:/workspaces/server-pa-juegar/servidor_minecraft/mods/FallingTree-1.16.5-2.11.7.jar)
[25Jun2026 15:47:31.700] [main/DEBUG] [mixin/]: Instancing new MixinPlatformAgentDefault for ContainerHandleModLauncher.Resource(FallingTree-1.16.5-2.11.7.jar:/workspaces/server-pa-juegar/servidor_minecraft/mods/FallingTree-1.16.5-2.11.7.jar)
[25Jun2026 15:47:31.700] [main/DEBUG] [mixin/]: MixinPlatformAgentDefault accepted container ContainerHandleModLauncher.Resource(FallingTree-1.16.5-2.11.7.jar:/workspaces/server-pa-juegar/servidor_minecraft/mods/FallingTree-1.16.5-2.11.7.jar)
[25Jun2026 15:47:31.700] [main/DEBUG] [mixin/]: Processing prepare() for PlatformAgent[MixinPlatformAgentDefault:ContainerHandleModLauncher.Resource(FallingTree-1.16.5-2.11.7.jar:/workspaces/server-pa-juegar/servidor_minecraft/mods/FallingTree-1.16.5-2.11.7.jar)]
[25Jun2026 15:47:31.700] [main/DEBUG] [mixin/]: Adding mixin platform agents for container ContainerHandleModLauncher.Resource(goblintraders-1.7.3-1.16.5.jar:/workspaces/server-pa-juegar/servidor_minecraft/mods/goblintraders-1.7.3-1.16.5.jar)
[25Jun2026 15:47:31.700] [main/DEBUG] [mixin/]: Instancing new MixinPlatformAgentMinecraftForge for ContainerHandleModLauncher.Resource(goblintraders-1.7.3-1.16.5.jar:/workspaces/server-pa-juegar/servidor_minecraft/mods/goblintraders-1.7.3-1.16.5.jar)
[25Jun2026 15:47:31.701] [main/DEBUG] [mixin/]: MixinPlatformAgentMinecraftForge rejected container ContainerHandleModLauncher.Resource(goblintraders-1.7.3-1.16.5.jar:/workspaces/server-pa-juegar/servidor_minecraft/mods/goblintraders-1.7.3-1.16.5.jar)
[25Jun2026 15:47:31.701] [main/DEBUG] [mixin/]: Instancing new MixinPlatformAgentDefault for ContainerHandleModLauncher.Resource(goblintraders-1.7.3-1.16.5.jar:/workspaces/server-pa-juegar/servidor_minecraft/mods/goblintraders-1.7.3-1.16.5.jar)
[25Jun2026 15:47:31.701] [main/DEBUG] [mixin/]: MixinPlatformAgentDefault accepted container ContainerHandleModLauncher.Resource(goblintraders-1.7.3-1.16.5.jar:/workspaces/server-pa-juegar/servidor_minecraft/mods/goblintraders-1.7.3-1.16.5.jar)
[25Jun2026 15:47:31.701] [main/DEBUG] [mixin/]: Processing prepare() for PlatformAgent[MixinPlatformAgentDefault:ContainerHandleModLauncher.Resource(goblintraders-1.7.3-1.16.5.jar:/workspaces/server-pa-juegar/servidor_minecraft/mods/goblintraders-1.7.3-1.16.5.jar)]
[25Jun2026 15:47:31.701] [main/DEBUG] [mixin/]: Registering mixin config: goblintraders.mixins.json
[25Jun2026 15:47:31.704] [main/DEBUG] [mixin/]: Adding mixin platform agents for container ContainerHandleModLauncher.Resource(forge-1.16.5-36.2.42-universal.jar:/workspaces/server-pa-juegar/servidor_minecraft/libraries/net/minecraftforge/forge/1.16.5-36.2.42/forge-1.16.5-36.2.42-universal.jar)
[25Jun2026 15:47:31.704] [main/DEBUG] [mixin/]: Instancing new MixinPlatformAgentMinecraftForge for ContainerHandleModLauncher.Resource(forge-1.16.5-36.2.42-universal.jar:/workspaces/server-pa-juegar/servidor_minecraft/libraries/net/minecraftforge/forge/1.16.5-36.2.42/forge-1.16.5-36.2.42-universal.jar)
[25Jun2026 15:47:31.704] [main/DEBUG] [mixin/]: MixinPlatformAgentMinecraftForge rejected container ContainerHandleModLauncher.Resource(forge-1.16.5-36.2.42-universal.jar:/workspaces/server-pa-juegar/servidor_minecraft/libraries/net/minecraftforge/forge/1.16.5-36.2.42/forge-1.16.5-36.2.42-universal.jar)
[25Jun2026 15:47:31.705] [main/DEBUG] [mixin/]: Instancing new MixinPlatformAgentDefault for ContainerHandleModLauncher.Resource(forge-1.16.5-36.2.42-universal.jar:/workspaces/server-pa-juegar/servidor_minecraft/libraries/net/minecraftforge/forge/1.16.5-36.2.42/forge-1.16.5-36.2.42-universal.jar)
[25Jun2026 15:47:31.705] [main/DEBUG] [mixin/]: MixinPlatformAgentDefault accepted container ContainerHandleModLauncher.Resource(forge-1.16.5-36.2.42-universal.jar:/workspaces/server-pa-juegar/servidor_minecraft/libraries/net/minecraftforge/forge/1.16.5-36.2.42/forge-1.16.5-36.2.42-universal.jar)
[25Jun2026 15:47:31.705] [main/DEBUG] [mixin/]: Processing prepare() for PlatformAgent[MixinPlatformAgentDefault:ContainerHandleModLauncher.Resource(forge-1.16.5-36.2.42-universal.jar:/workspaces/server-pa-juegar/servidor_minecraft/libraries/net/minecraftforge/forge/1.16.5-36.2.42/forge-1.16.5-36.2.42-universal.jar)]
[25Jun2026 15:47:31.705] [main/DEBUG] [mixin/]: Adding mixin platform agents for container ContainerHandleModLauncher.Resource(curios-forge-1.16.5-4.1.0.0.jar:/workspaces/server-pa-juegar/servidor_minecraft/mods/curios-forge-1.16.5-4.1.0.0.jar)
[25Jun2026 15:47:31.705] [main/DEBUG] [mixin/]: Instancing new MixinPlatformAgentMinecraftForge for ContainerHandleModLauncher.Resource(curios-forge-1.16.5-4.1.0.0.jar:/workspaces/server-pa-juegar/servidor_minecraft/mods/curios-forge-1.16.5-4.1.0.0.jar)
[25Jun2026 15:47:31.705] [main/DEBUG] [mixin/]: MixinPlatformAgentMinecraftForge rejected container ContainerHandleModLauncher.Resource(curios-forge-1.16.5-4.1.0.0.jar:/workspaces/server-pa-juegar/servidor_minecraft/mods/curios-forge-1.16.5-4.1.0.0.jar)
[25Jun2026 15:47:31.706] [main/DEBUG] [mixin/]: Instancing new MixinPlatformAgentDefault for ContainerHandleModLauncher.Resource(curios-forge-1.16.5-4.1.0.0.jar:/workspaces/server-pa-juegar/servidor_minecraft/mods/curios-forge-1.16.5-4.1.0.0.jar)
[25Jun2026 15:47:31.706] [main/DEBUG] [mixin/]: MixinPlatformAgentDefault accepted container ContainerHandleModLauncher.Resource(curios-forge-1.16.5-4.1.0.0.jar:/workspaces/server-pa-juegar/servidor_minecraft/mods/curios-forge-1.16.5-4.1.0.0.jar)
[25Jun2026 15:47:31.706] [main/DEBUG] [mixin/]: Processing prepare() for PlatformAgent[MixinPlatformAgentDefault:ContainerHandleModLauncher.Resource(curios-forge-1.16.5-4.1.0.0.jar:/workspaces/server-pa-juegar/servidor_minecraft/mods/curios-forge-1.16.5-4.1.0.0.jar)]
[25Jun2026 15:47:31.706] [main/DEBUG] [mixin/]: Adding mixin platform agents for container ContainerHandleModLauncher.Resource(Waystones_1.16.5-7.6.4.jar:/workspaces/server-pa-juegar/servidor_minecraft/mods/Waystones_1.16.5-7.6.4.jar)
[25Jun2026 15:47:31.706] [main/DEBUG] [mixin/]: Instancing new MixinPlatformAgentMinecraftForge for ContainerHandleModLauncher.Resource(Waystones_1.16.5-7.6.4.jar:/workspaces/server-pa-juegar/servidor_minecraft/mods/Waystones_1.16.5-7.6.4.jar)
[25Jun2026 15:47:31.706] [main/DEBUG] [mixin/]: MixinPlatformAgentMinecraftForge rejected container ContainerHandleModLauncher.Resource(Waystones_1.16.5-7.6.4.jar:/workspaces/server-pa-juegar/servidor_minecraft/mods/Waystones_1.16.5-7.6.4.jar)
[25Jun2026 15:47:31.706] [main/DEBUG] [mixin/]: Instancing new MixinPlatformAgentDefault for ContainerHandleModLauncher.Resource(Waystones_1.16.5-7.6.4.jar:/workspaces/server-pa-juegar/servidor_minecraft/mods/Waystones_1.16.5-7.6.4.jar)
[25Jun2026 15:47:31.707] [main/DEBUG] [mixin/]: MixinPlatformAgentDefault accepted container ContainerHandleModLauncher.Resource(Waystones_1.16.5-7.6.4.jar:/workspaces/server-pa-juegar/servidor_minecraft/mods/Waystones_1.16.5-7.6.4.jar)
[25Jun2026 15:47:31.707] [main/DEBUG] [mixin/]: Processing prepare() for PlatformAgent[MixinPlatformAgentDefault:ContainerHandleModLauncher.Resource(Waystones_1.16.5-7.6.4.jar:/workspaces/server-pa-juegar/servidor_minecraft/mods/Waystones_1.16.5-7.6.4.jar)]
[25Jun2026 15:47:31.707] [main/DEBUG] [mixin/]: Registering mixin config: mixins.waystones.json
[25Jun2026 15:47:31.710] [main/DEBUG] [mixin/]: Adding mixin platform agents for container ContainerHandleModLauncher.Resource(journeymap-1.16.5-5.8.6.jar:/workspaces/server-pa-juegar/servidor_minecraft/mods/journeymap-1.16.5-5.8.6.jar)
[25Jun2026 15:47:31.710] [main/DEBUG] [mixin/]: Instancing new MixinPlatformAgentMinecraftForge for ContainerHandleModLauncher.Resource(journeymap-1.16.5-5.8.6.jar:/workspaces/server-pa-juegar/servidor_minecraft/mods/journeymap-1.16.5-5.8.6.jar)
[25Jun2026 15:47:31.711] [main/DEBUG] [mixin/]: MixinPlatformAgentMinecraftForge rejected container ContainerHandleModLauncher.Resource(journeymap-1.16.5-5.8.6.jar:/workspaces/server-pa-juegar/servidor_minecraft/mods/journeymap-1.16.5-5.8.6.jar)
[25Jun2026 15:47:31.711] [main/DEBUG] [mixin/]: Instancing new MixinPlatformAgentDefault for ContainerHandleModLauncher.Resource(journeymap-1.16.5-5.8.6.jar:/workspaces/server-pa-juegar/servidor_minecraft/mods/journeymap-1.16.5-5.8.6.jar)
[25Jun2026 15:47:31.711] [main/DEBUG] [mixin/]: MixinPlatformAgentDefault accepted container ContainerHandleModLauncher.Resource(journeymap-1.16.5-5.8.6.jar:/workspaces/server-pa-juegar/servidor_minecraft/mods/journeymap-1.16.5-5.8.6.jar)
[25Jun2026 15:47:31.712] [main/DEBUG] [mixin/]: Processing prepare() for PlatformAgent[MixinPlatformAgentDefault:ContainerHandleModLauncher.Resource(journeymap-1.16.5-5.8.6.jar:/workspaces/server-pa-juegar/servidor_minecraft/mods/journeymap-1.16.5-5.8.6.jar)]
[25Jun2026 15:47:31.712] [main/DEBUG] [mixin/]: Registering mixin config: journeymap.mixins.json
[25Jun2026 15:47:31.718] [main/DEBUG] [mixin/]: Adding mixin platform agents for container ContainerHandleModLauncher.Resource(DungeonsArise-1.16.5-2.1.49-beta.jar:/workspaces/server-pa-juegar/servidor_minecraft/mods/DungeonsArise-1.16.5-2.1.49-beta.jar)
[25Jun2026 15:47:31.718] [main/DEBUG] [mixin/]: Instancing new MixinPlatformAgentMinecraftForge for ContainerHandleModLauncher.Resource(DungeonsArise-1.16.5-2.1.49-beta.jar:/workspaces/server-pa-juegar/servidor_minecraft/mods/DungeonsArise-1.16.5-2.1.49-beta.jar)
[25Jun2026 15:47:31.718] [main/DEBUG] [mixin/]: MixinPlatformAgentMinecraftForge rejected container ContainerHandleModLauncher.Resource(DungeonsArise-1.16.5-2.1.49-beta.jar:/workspaces/server-pa-juegar/servidor_minecraft/mods/DungeonsArise-1.16.5-2.1.49-beta.jar)
[25Jun2026 15:47:31.718] [main/DEBUG] [mixin/]: Instancing new MixinPlatformAgentDefault for ContainerHandleModLauncher.Resource(DungeonsArise-1.16.5-2.1.49-beta.jar:/workspaces/server-pa-juegar/servidor_minecraft/mods/DungeonsArise-1.16.5-2.1.49-beta.jar)
[25Jun2026 15:47:31.719] [main/DEBUG] [mixin/]: MixinPlatformAgentDefault accepted container ContainerHandleModLauncher.Resource(DungeonsArise-1.16.5-2.1.49-beta.jar:/workspaces/server-pa-juegar/servidor_minecraft/mods/DungeonsArise-1.16.5-2.1.49-beta.jar)
[25Jun2026 15:47:31.721] [main/DEBUG] [mixin/]: Processing prepare() for PlatformAgent[MixinPlatformAgentDefault:ContainerHandleModLauncher.Resource(DungeonsArise-1.16.5-2.1.49-beta.jar:/workspaces/server-pa-juegar/servidor_minecraft/mods/DungeonsArise-1.16.5-2.1.49-beta.jar)]
[25Jun2026 15:47:31.721] [main/DEBUG] [mixin/]: inject() running with 16 agents
[25Jun2026 15:47:31.722] [main/DEBUG] [mixin/]: Processing inject() for PlatformAgent[MixinPlatformAgentDefault:ModLauncher Root Container(ModLauncher:4f56a0a2)]
[25Jun2026 15:47:31.722] [main/DEBUG] [mixin/]: Processing inject() for PlatformAgent[MixinPlatformAgentDefault:ContainerHandleModLauncher.Resource(forge-1.16.5-36.2.42-server.jar:/workspaces/server-pa-juegar/servidor_minecraft/libraries/net/minecraftforge/forge/1.16.5-36.2.42/forge-1.16.5-36.2.42-server.jar)]
[25Jun2026 15:47:31.722] [main/DEBUG] [mixin/]: Processing inject() for PlatformAgent[MixinPlatformAgentDefault:ContainerHandleModLauncher.Resource(supermartijn642configlib-1.1.8-forge-mc1.16.jar:/workspaces/server-pa-juegar/servidor_minecraft/mods/supermartijn642configlib-1.1.8-forge-mc1.16.jar)]
[25Jun2026 15:47:31.722] [main/DEBUG] [mixin/]: Processing inject() for PlatformAgent[MixinPlatformAgentDefault:ContainerHandleModLauncher.Resource(sophisticatedbackpacks-1.16.5-3.15.20.755.jar:/workspaces/server-pa-juegar/servidor_minecraft/mods/sophisticatedbackpacks-1.16.5-3.15.20.755.jar)]
[25Jun2026 15:47:31.722] [main/DEBUG] [mixin/]: Processing inject() for PlatformAgent[MixinPlatformAgentDefault:ContainerHandleModLauncher.Resource(Jade-1.16.4-2.8.3.jar:/workspaces/server-pa-juegar/servidor_minecraft/mods/Jade-1.16.4-2.8.3.jar)]
[25Jun2026 15:47:31.722] [main/DEBUG] [mixin/]: Processing inject() for PlatformAgent[MixinPlatformAgentDefault:ContainerHandleModLauncher.Resource(jei-1.16.5-7.8.0.1013.jar:/workspaces/server-pa-juegar/servidor_minecraft/mods/jei-1.16.5-7.8.0.1013.jar)]
[25Jun2026 15:47:31.723] [main/DEBUG] [mixin/]: Processing inject() for PlatformAgent[MixinPlatformAgentDefault:ContainerHandleModLauncher.Resource(supermartijn642corelib-1.1.21-forge-mc1.16.jar:/workspaces/server-pa-juegar/servidor_minecraft/mods/supermartijn642corelib-1.1.21-forge-mc1.16.jar)]
[25Jun2026 15:47:31.723] [main/DEBUG] [mixin/]: Processing inject() for PlatformAgent[MixinPlatformAgentDefault:ContainerHandleModLauncher.Resource(chunkloaders-1.2.9-forge-mc1.16.jar:/workspaces/server-pa-juegar/servidor_minecraft/mods/chunkloaders-1.2.9-forge-mc1.16.jar)]
[25Jun2026 15:47:31.723] [main/DEBUG] [mixin/]: Processing inject() for PlatformAgent[MixinPlatformAgentDefault:ContainerHandleModLauncher.Resource(carryon-1.16.5-1.15.6.24.jar:/workspaces/server-pa-juegar/servidor_minecraft/mods/carryon-1.16.5-1.15.6.24.jar)]
[25Jun2026 15:47:31.723] [main/DEBUG] [mixin/]: Processing inject() for PlatformAgent[MixinPlatformAgentDefault:ContainerHandleModLauncher.Resource(FallingTree-1.16.5-2.11.7.jar:/workspaces/server-pa-juegar/servidor_minecraft/mods/FallingTree-1.16.5-2.11.7.jar)]
[25Jun2026 15:47:31.723] [main/DEBUG] [mixin/]: Processing inject() for PlatformAgent[MixinPlatformAgentDefault:ContainerHandleModLauncher.Resource(goblintraders-1.7.3-1.16.5.jar:/workspaces/server-pa-juegar/servidor_minecraft/mods/goblintraders-1.7.3-1.16.5.jar)]
[25Jun2026 15:47:31.726] [main/DEBUG] [mixin/]: Processing inject() for PlatformAgent[MixinPlatformAgentDefault:ContainerHandleModLauncher.Resource(forge-1.16.5-36.2.42-universal.jar:/workspaces/server-pa-juegar/servidor_minecraft/libraries/net/minecraftforge/forge/1.16.5-36.2.42/forge-1.16.5-36.2.42-universal.jar)]
[25Jun2026 15:47:31.726] [main/DEBUG] [mixin/]: Processing inject() for PlatformAgent[MixinPlatformAgentDefault:ContainerHandleModLauncher.Resource(curios-forge-1.16.5-4.1.0.0.jar:/workspaces/server-pa-juegar/servidor_minecraft/mods/curios-forge-1.16.5-4.1.0.0.jar)]
[25Jun2026 15:47:31.727] [main/DEBUG] [mixin/]: Processing inject() for PlatformAgent[MixinPlatformAgentDefault:ContainerHandleModLauncher.Resource(Waystones_1.16.5-7.6.4.jar:/workspaces/server-pa-juegar/servidor_minecraft/mods/Waystones_1.16.5-7.6.4.jar)]
[25Jun2026 15:47:31.727] [main/DEBUG] [mixin/]: Processing inject() for PlatformAgent[MixinPlatformAgentDefault:ContainerHandleModLauncher.Resource(journeymap-1.16.5-5.8.6.jar:/workspaces/server-pa-juegar/servidor_minecraft/mods/journeymap-1.16.5-5.8.6.jar)]
[25Jun2026 15:47:31.727] [main/DEBUG] [mixin/]: Processing inject() for PlatformAgent[MixinPlatformAgentDefault:ContainerHandleModLauncher.Resource(DungeonsArise-1.16.5-2.1.49-beta.jar:/workspaces/server-pa-juegar/servidor_minecraft/mods/DungeonsArise-1.16.5-2.1.49-beta.jar)]
[25Jun2026 15:47:31.727] [main/INFO] [cpw.mods.modlauncher.LaunchServiceHandler/MODLAUNCHER]: Launching target 'fmlserver' with arguments [--gameDir, ., nogui]
[25Jun2026 15:47:31.769] [main/DEBUG] [mixin/]: Error cleaning class output directory: .mixin.out
[25Jun2026 15:47:31.774] [main/DEBUG] [mixin/]: Preparing mixins for MixinEnvironment[DEFAULT]
[25Jun2026 15:47:31.775] [main/DEBUG] [mixin/]: Selecting config supermartijn642corelib.mixins.json
[25Jun2026 15:47:31.781] [main/DEBUG] [mixin/]: Selecting config goblintraders.mixins.json
[25Jun2026 15:47:31.783] [main/DEBUG] [mixin/]: Selecting config mixins.waystones.json
[25Jun2026 15:47:31.789] [main/DEBUG] [mixin/]: Selecting config journeymap.mixins.json
[25Jun2026 15:47:31.791] [main/DEBUG] [mixin/]: Preparing supermartijn642corelib.mixins.json (12)
[25Jun2026 15:47:31.939] [main/DEBUG] [mixin/]: Preparing goblintraders.mixins.json (4)
[25Jun2026 15:47:31.959] [main/DEBUG] [mixin/]: Preparing mixins.waystones.json (1)
[25Jun2026 15:47:31.963] [main/DEBUG] [mixin/]: Preparing journeymap.mixins.json (1)
[25Jun2026 15:47:31.983] [main/DEBUG] [mixin/]: Registering new injector for @Inject with org.spongepowered.asm.mixin.injection.struct.CallbackInjectionInfo
[25Jun2026 15:47:31.986] [main/DEBUG] [mixin/]: Registering new injector for @ModifyArg with org.spongepowered.asm.mixin.injection.struct.ModifyArgInjectionInfo
[25Jun2026 15:47:31.988] [main/DEBUG] [mixin/]: Registering new injector for @ModifyArgs with org.spongepowered.asm.mixin.injection.struct.ModifyArgsInjectionInfo
[25Jun2026 15:47:31.990] [main/DEBUG] [mixin/]: Registering new injector for @Redirect with org.spongepowered.asm.mixin.injection.struct.RedirectInjectionInfo
[25Jun2026 15:47:31.991] [main/DEBUG] [mixin/]: Registering new injector for @ModifyVariable with org.spongepowered.asm.mixin.injection.struct.ModifyVariableInjectionInfo
[25Jun2026 15:47:31.993] [main/DEBUG] [mixin/]: Registering new injector for @ModifyConstant with org.spongepowered.asm.mixin.injection.struct.ModifyConstantInjectionInfo
[25Jun2026 15:47:32.044] [main/DEBUG] [mixin/]: Prepared 14 mixins in 0.268 sec (19.1ms avg) (0ms load, 0ms transform, 0ms plugin)
[25Jun2026 15:47:32.415] [main/DEBUG] [mixin/]: Mixing GameDataMixin from supermartijn642corelib.mixins.json into net.minecraftforge.registries.GameData
[25Jun2026 15:47:32.597] [main/DEBUG] [net.minecraftforge.coremod.transformer.CoreModBaseTransformer/COREMOD]: Transforming func_219970_i with desc (Lnet/minecraft/item/ItemStack;)Z
[25Jun2026 15:47:32.721] [main/DEBUG] [mixin/]: Mixing EnchantmentMixin from goblintraders.mixins.json into net.minecraft.enchantment.Enchantment
[25Jun2026 15:47:32.840] [main/DEBUG] [net.minecraftforge.coremod.transformer.CoreModBaseTransformer/COREMOD]: Transforming net/minecraft/block/FlowingFluidBlock
[25Jun2026 15:47:32.901] [main/DEBUG] [net.minecraftforge.coremod.transformer.CoreModBaseTransformer/COREMOD]: Transforming net/minecraft/block/StairsBlock
[25Jun2026 15:47:32.963] [main/DEBUG] [net.minecraftforge.coremod.transformer.CoreModBaseTransformer/COREMOD]: Transforming func_225533_a_ with desc (Lnet/minecraft/block/BlockState;Lnet/minecraft/world/World;Lnet/minecraft/util/math/BlockPos;Lnet/minecraft/entity/player/PlayerEntity;Lnet/minecraft/util/Hand;Lnet/minecraft/util/math/BlockRayTraceResult;)Lnet/minecraft/util/ActionResultType;
[25Jun2026 15:47:33.020] [main/DEBUG] [net.minecraftforge.coremod.transformer.CoreModBaseTransformer/COREMOD]: Transforming func_176208_a with desc (Lnet/minecraft/world/World;Lnet/minecraft/util/math/BlockPos;Lnet/minecraft/block/BlockState;Lnet/minecraft/entity/player/PlayerEntity;)V
[25Jun2026 15:47:33.029] [main/DEBUG] [net.minecraftforge.coremod.transformer.CoreModBaseTransformer/COREMOD]: Transforming net/minecraft/block/FlowerPotBlock
[25Jun2026 15:47:33.135] [main/DEBUG] [net.minecraftforge.coremod.transformer.CoreModBaseTransformer/COREMOD]: Transforming func_225533_a_ with desc (Lnet/minecraft/block/BlockState;Lnet/minecraft/world/World;Lnet/minecraft/util/math/BlockPos;Lnet/minecraft/entity/player/PlayerEntity;Lnet/minecraft/util/Hand;Lnet/minecraft/util/math/BlockRayTraceResult;)Lnet/minecraft/util/ActionResultType;
[25Jun2026 15:47:33.257] [main/DEBUG] [mixin/]: Mixing ForgeHooksMixin from supermartijn642corelib.mixins.json into net.minecraftforge.common.ForgeHooks
[25Jun2026 15:47:33.266] [main/DEBUG] [net.minecraftforge.coremod.transformer.CoreModBaseTransformer/COREMOD]: Transforming func_82840_a with desc (Lnet/minecraft/entity/player/PlayerEntity;Lnet/minecraft/client/util/ITooltipFlag;)Ljava/util/List;
[25Jun2026 15:47:33.307] [main/DEBUG] [net.minecraftforge.coremod.transformer.CoreModBaseTransformer/COREMOD]: Transforming net/minecraft/item/ItemStack
[25Jun2026 15:47:33.455] [main/DEBUG] [mixin/]: Mixing BlockPropertiesAccessor from supermartijn642corelib.mixins.json into net.minecraft.block.AbstractBlock$Properties
[25Jun2026 15:47:34.210] [main/DEBUG] [net.minecraftforge.coremod.transformer.CoreModBaseTransformer/COREMOD]: Transforming func_230254_b_ with desc (Lnet/minecraft/entity/player/PlayerEntity;Lnet/minecraft/util/Hand;)Lnet/minecraft/util/ActionResultType;
[25Jun2026 15:47:34.359] [main/DEBUG] [mixin/]: Mixing RepairContainerMixin from goblintraders.mixins.json into net.minecraft.inventory.container.RepairContainer
[25Jun2026 15:47:34.386] [main/DEBUG] [net.minecraftforge.coremod.transformer.CoreModBaseTransformer/COREMOD]: Transforming func_219970_i with desc (Lnet/minecraft/item/ItemStack;)Z
[25Jun2026 15:47:34.395] [main/DEBUG] [mixin/]: ArgsClassGenerator assigning org.spongepowered.asm.synthetic.args.Args$1 for descriptor (Ljava/lang/Object;Ljava/lang/Object;)V
[25Jun2026 15:47:34.981] [main/DEBUG] [net.minecraftforge.coremod.transformer.CoreModBaseTransformer/COREMOD]: Transforming func_82846_b with desc (Lnet/minecraft/entity/player/PlayerEntity;I)Lnet/minecraft/item/ItemStack;
[25Jun2026 15:47:36.090] [main/DEBUG] [net.minecraftforge.coremod.transformer.CoreModBaseTransformer/COREMOD]: Transforming func_82840_a with desc (Lnet/minecraft/entity/player/PlayerEntity;Lnet/minecraft/client/util/ITooltipFlag;)Ljava/util/List;
[25Jun2026 15:47:36.123] [main/DEBUG] [net.minecraftforge.coremod.transformer.CoreModBaseTransformer/COREMOD]: Transforming net/minecraft/item/ItemStack
[25Jun2026 15:47:36.133] [main/DEBUG] [net.minecraftforge.coremod.transformer.CoreModBaseTransformer/COREMOD]: Transforming func_110131_b with desc (Lnet/minecraft/item/ItemStack;)V
[25Jun2026 15:47:36.178] [main/DEBUG] [net.minecraftforge.coremod.transformer.CoreModBaseTransformer/COREMOD]: Transforming func_230254_b_ with desc (Lnet/minecraft/entity/player/PlayerEntity;Lnet/minecraft/util/Hand;)Lnet/minecraft/util/ActionResultType;
[25Jun2026 15:47:36.304] [main/DEBUG] [net.minecraftforge.coremod.transformer.CoreModBaseTransformer/COREMOD]: Transforming func_230280_a_ with desc (Lnet/minecraft/item/ShootableItem;)Z
[25Jun2026 15:47:36.310] [main/DEBUG] [net.minecraftforge.coremod.transformer.CoreModBaseTransformer/COREMOD]: Transforming func_208003_a with desc (Lnet/minecraft/item/ItemStack;Lnet/minecraft/item/ItemStack;)Z
[25Jun2026 15:47:36.345] [main/DEBUG] [net.minecraftforge.coremod.transformer.CoreModBaseTransformer/COREMOD]: Transforming func_230280_a_ with desc (Lnet/minecraft/item/ShootableItem;)Z
[25Jun2026 15:47:36.345] [main/DEBUG] [net.minecraftforge.coremod.transformer.CoreModBaseTransformer/COREMOD]: Transforming func_241844_w with desc (F)V
[25Jun2026 15:47:36.417] [main/DEBUG] [net.minecraftforge.coremod.transformer.CoreModBaseTransformer/COREMOD]: Transforming func_230254_b_ with desc (Lnet/minecraft/entity/player/PlayerEntity;Lnet/minecraft/util/Hand;)Lnet/minecraft/util/ActionResultType;
[25Jun2026 15:47:36.448] [main/DEBUG] [net.minecraftforge.coremod.transformer.CoreModBaseTransformer/COREMOD]: Transforming func_85036_m with desc ()V
[25Jun2026 15:47:36.451] [main/DEBUG] [net.minecraftforge.coremod.transformer.CoreModBaseTransformer/COREMOD]: Transforming func_230280_a_ with desc (Lnet/minecraft/item/ShootableItem;)Z
[25Jun2026 15:47:37.559] [main/DEBUG] [net.minecraftforge.coremod.transformer.CoreModBaseTransformer/COREMOD]: Transforming func_92089_a with desc (Lnet/minecraft/item/ItemStack;)Z
[25Jun2026 15:47:37.628] [main/DEBUG] [net.minecraftforge.coremod.transformer.CoreModBaseTransformer/COREMOD]: Transforming net/minecraft/item/BucketItem
[25Jun2026 15:47:37.655] [main/DEBUG] [net.minecraftforge.coremod.transformer.CoreModBaseTransformer/COREMOD]: Transforming net/minecraft/item/FishBucketItem
[25Jun2026 15:47:37.686] [main/DEBUG] [mixin/]: Mixing SpawnEggItemMixin from goblintraders.mixins.json into net.minecraft.item.SpawnEggItem
[25Jun2026 15:47:37.687] [main/DEBUG] [mixin/]: Renaming @Accessor method getEggMap()Ljava/util/Map; to getEggMap_$md$2e5ac6$0 in goblintraders.mixins.json:SpawnEggItemMixin
[25Jun2026 15:47:37.718] [main/DEBUG] [net.minecraftforge.coremod.transformer.CoreModBaseTransformer/COREMOD]: Transforming func_220013_l with desc (Lnet/minecraft/item/ItemStack;)F
[25Jun2026 15:47:37.954] [main/DEBUG] [net.minecraftforge.coremod.transformer.CoreModBaseTransformer/COREMOD]: Transforming net/minecraft/potion/EffectInstance
[25Jun2026 15:47:38.002] [main/DEBUG] [net.minecraftforge.coremod.transformer.CoreModBaseTransformer/COREMOD]: Transforming func_234600_a_ with desc (Lnet/minecraft/entity/player/PlayerEntity;)Z
[25Jun2026 15:47:38.190] [main/DEBUG] [mixin/]: Mixing MerchantResultSlotMixin from goblintraders.mixins.json into net.minecraft.inventory.container.MerchantResultSlot
[25Jun2026 15:47:38.202] [main/DEBUG] [net.minecraftforge.coremod.transformer.CoreModBaseTransformer/COREMOD]: Transforming func_75214_a with desc (Lnet/minecraft/item/ItemStack;)Z
[25Jun2026 15:47:38.582] [main/DEBUG] [mixin/]: Mixing DatagenModLoaderAccessor from supermartijn642corelib.mixins.json into net.minecraftforge.fml.DatagenModLoader
[25Jun2026 15:47:38.582] [main/DEBUG] [mixin/]: Renaming @Accessor method getDataGeneratorConfig()Lnet/minecraftforge/fml/event/lifecycle/GatherDataEvent$DataGeneratorConfig; to getDataGeneratorConfig_$md$2e5ac6$0 in supermartijn642corelib.mixins.json:DatagenModLoaderAccessor
[25Jun2026 15:47:38.582] [main/DEBUG] [mixin/]: Renaming @Accessor method getExistingFileHelper()Lnet/minecraftforge/common/data/ExistingFileHelper; to getExistingFileHelper_$md$2e5ac6$1 in supermartijn642corelib.mixins.json:DatagenModLoaderAccessor
[25Jun2026 15:47:38.798] [main/DEBUG] [net.minecraftforge.fml.ForgeI18n/CORE]: Loading I18N data entries: 4980
[25Jun2026 15:47:38.897] [main/DEBUG] [net.minecraftforge.fml.ModLoader/CORE]: Loading Network data for FML net version: FML2
[25Jun2026 15:47:38.904] [main/DEBUG] [net.minecraftforge.fml.ModWorkManager/LOADING]: Using 4 threads for parallel mod-loading
[25Jun2026 15:47:38.955] [main/DEBUG] [net.minecraftforge.fml.javafmlmod.FMLJavaModLanguageProvider/LOADING]: Loading FMLModContainer from classloader cpw.mods.modlauncher.TransformingClassLoader@54089484 - got cpw.mods.modlauncher.TransformingClassLoader@54089484
[25Jun2026 15:47:38.956] [main/DEBUG] [net.minecraftforge.fml.javafmlmod.FMLModContainer/LOADING]: Creating FMLModContainer instance for com.supermartijn642.configlib.ConfigLib with classLoader cpw.mods.modlauncher.TransformingClassLoader@54089484 & cpw.mods.modlauncher.TransformingClassLoader@54089484
[25Jun2026 15:47:38.961] [main/DEBUG] [net.minecraftforge.fml.javafmlmod.FMLJavaModLanguageProvider/LOADING]: Loading FMLModContainer from classloader cpw.mods.modlauncher.TransformingClassLoader@54089484 - got cpw.mods.modlauncher.TransformingClassLoader@54089484
[25Jun2026 15:47:38.963] [main/DEBUG] [net.minecraftforge.fml.javafmlmod.FMLModContainer/LOADING]: Creating FMLModContainer instance for net.p3pp3rf1y.sophisticatedbackpacks.SophisticatedBackpacks with classLoader cpw.mods.modlauncher.TransformingClassLoader@54089484 & cpw.mods.modlauncher.TransformingClassLoader@54089484
[25Jun2026 15:47:39.008] [main/DEBUG] [net.minecraftforge.fml.javafmlmod.FMLJavaModLanguageProvider/LOADING]: Loading FMLModContainer from classloader cpw.mods.modlauncher.TransformingClassLoader@54089484 - got cpw.mods.modlauncher.TransformingClassLoader@54089484
[25Jun2026 15:47:39.011] [main/DEBUG] [net.minecraftforge.fml.javafmlmod.FMLModContainer/LOADING]: Creating FMLModContainer instance for snownee.jade.Jade with classLoader cpw.mods.modlauncher.TransformingClassLoader@54089484 & cpw.mods.modlauncher.TransformingClassLoader@54089484
[25Jun2026 15:47:39.015] [main/DEBUG] [net.minecraftforge.fml.javafmlmod.FMLJavaModLanguageProvider/LOADING]: Loading FMLModContainer from classloader cpw.mods.modlauncher.TransformingClassLoader@54089484 - got cpw.mods.modlauncher.TransformingClassLoader@54089484
[25Jun2026 15:47:39.015] [main/DEBUG] [net.minecraftforge.fml.javafmlmod.FMLModContainer/LOADING]: Creating FMLModContainer instance for mcp.mobius.waila.Waila with classLoader cpw.mods.modlauncher.TransformingClassLoader@54089484 & cpw.mods.modlauncher.TransformingClassLoader@54089484
[25Jun2026 15:47:39.027] [main/DEBUG] [net.minecraftforge.fml.javafmlmod.FMLJavaModLanguageProvider/LOADING]: Loading FMLModContainer from classloader cpw.mods.modlauncher.TransformingClassLoader@54089484 - got cpw.mods.modlauncher.TransformingClassLoader@54089484
[25Jun2026 15:47:39.027] [main/DEBUG] [net.minecraftforge.fml.javafmlmod.FMLModContainer/LOADING]: Creating FMLModContainer instance for mezz.jei.JustEnoughItems with classLoader cpw.mods.modlauncher.TransformingClassLoader@54089484 & cpw.mods.modlauncher.TransformingClassLoader@54089484
[25Jun2026 15:47:39.028] [main/DEBUG] [net.minecraftforge.fml.javafmlmod.FMLJavaModLanguageProvider/LOADING]: Loading FMLModContainer from classloader cpw.mods.modlauncher.TransformingClassLoader@54089484 - got cpw.mods.modlauncher.TransformingClassLoader@54089484
[25Jun2026 15:47:39.029] [main/DEBUG] [net.minecraftforge.fml.javafmlmod.FMLModContainer/LOADING]: Creating FMLModContainer instance for com.supermartijn642.core.CoreLib with classLoader cpw.mods.modlauncher.TransformingClassLoader@54089484 & cpw.mods.modlauncher.TransformingClassLoader@54089484
[25Jun2026 15:47:39.037] [main/DEBUG] [net.minecraftforge.fml.javafmlmod.FMLJavaModLanguageProvider/LOADING]: Loading FMLModContainer from classloader cpw.mods.modlauncher.TransformingClassLoader@54089484 - got cpw.mods.modlauncher.TransformingClassLoader@54089484
[25Jun2026 15:47:39.037] [main/DEBUG] [net.minecraftforge.fml.javafmlmod.FMLModContainer/LOADING]: Creating FMLModContainer instance for com.supermartijn642.chunkloaders.ChunkLoaders with classLoader cpw.mods.modlauncher.TransformingClassLoader@54089484 & cpw.mods.modlauncher.TransformingClassLoader@54089484
[25Jun2026 15:47:39.157] [main/DEBUG] [net.minecraftforge.fml.javafmlmod.FMLJavaModLanguageProvider/LOADING]: Loading FMLModContainer from classloader cpw.mods.modlauncher.TransformingClassLoader@54089484 - got cpw.mods.modlauncher.TransformingClassLoader@54089484
[25Jun2026 15:47:39.170] [main/DEBUG] [net.minecraftforge.fml.javafmlmod.FMLModContainer/LOADING]: Creating FMLModContainer instance for tschipp.carryon.CarryOn with classLoader cpw.mods.modlauncher.TransformingClassLoader@54089484 & cpw.mods.modlauncher.TransformingClassLoader@54089484
[25Jun2026 15:47:39.173] [main/DEBUG] [net.minecraftforge.fml.javafmlmod.FMLJavaModLanguageProvider/LOADING]: Loading FMLModContainer from classloader cpw.mods.modlauncher.TransformingClassLoader@54089484 - got cpw.mods.modlauncher.TransformingClassLoader@54089484
[25Jun2026 15:47:39.173] [main/DEBUG] [net.minecraftforge.fml.javafmlmod.FMLModContainer/LOADING]: Creating FMLModContainer instance for fr.raksrinana.fallingtree.forge.FallingTree with classLoader cpw.mods.modlauncher.TransformingClassLoader@54089484 & cpw.mods.modlauncher.TransformingClassLoader@54089484
[25Jun2026 15:47:39.179] [main/DEBUG] [net.minecraftforge.fml.javafmlmod.FMLJavaModLanguageProvider/LOADING]: Loading FMLModContainer from classloader cpw.mods.modlauncher.TransformingClassLoader@54089484 - got cpw.mods.modlauncher.TransformingClassLoader@54089484
[25Jun2026 15:47:39.181] [main/DEBUG] [net.minecraftforge.fml.javafmlmod.FMLModContainer/LOADING]: Creating FMLModContainer instance for com.mrcrayfish.goblintraders.GoblinTraders with classLoader cpw.mods.modlauncher.TransformingClassLoader@54089484 & cpw.mods.modlauncher.TransformingClassLoader@54089484
[25Jun2026 15:47:39.187] [main/DEBUG] [net.minecraftforge.fml.javafmlmod.FMLJavaModLanguageProvider/LOADING]: Loading FMLModContainer from classloader cpw.mods.modlauncher.TransformingClassLoader@54089484 - got cpw.mods.modlauncher.TransformingClassLoader@54089484
[25Jun2026 15:47:39.187] [main/DEBUG] [net.minecraftforge.fml.javafmlmod.FMLModContainer/LOADING]: Creating FMLModContainer instance for net.minecraftforge.common.ForgeMod with classLoader cpw.mods.modlauncher.TransformingClassLoader@54089484 & cpw.mods.modlauncher.TransformingClassLoader@54089484
[25Jun2026 15:47:39.235] [main/DEBUG] [net.minecraftforge.fml.javafmlmod.FMLJavaModLanguageProvider/LOADING]: Loading FMLModContainer from classloader cpw.mods.modlauncher.TransformingClassLoader@54089484 - got cpw.mods.modlauncher.TransformingClassLoader@54089484
[25Jun2026 15:47:39.236] [main/DEBUG] [net.minecraftforge.fml.javafmlmod.FMLModContainer/LOADING]: Creating FMLModContainer instance for top.theillusivec4.curios.Curios with classLoader cpw.mods.modlauncher.TransformingClassLoader@54089484 & cpw.mods.modlauncher.TransformingClassLoader@54089484
[25Jun2026 15:47:39.239] [main/DEBUG] [net.minecraftforge.fml.javafmlmod.FMLJavaModLanguageProvider/LOADING]: Loading FMLModContainer from classloader cpw.mods.modlauncher.TransformingClassLoader@54089484 - got cpw.mods.modlauncher.TransformingClassLoader@54089484
[25Jun2026 15:47:39.241] [main/DEBUG] [net.minecraftforge.fml.javafmlmod.FMLModContainer/LOADING]: Creating FMLModContainer instance for net.blay09.mods.waystones.Waystones with classLoader cpw.mods.modlauncher.TransformingClassLoader@54089484 & cpw.mods.modlauncher.TransformingClassLoader@54089484
[25Jun2026 15:47:39.246] [main/DEBUG] [net.minecraftforge.fml.javafmlmod.FMLJavaModLanguageProvider/LOADING]: Loading FMLModContainer from classloader cpw.mods.modlauncher.TransformingClassLoader@54089484 - got cpw.mods.modlauncher.TransformingClassLoader@54089484
[25Jun2026 15:47:39.249] [main/DEBUG] [net.minecraftforge.fml.javafmlmod.FMLModContainer/LOADING]: Creating FMLModContainer instance for journeymap.common.Journeymap with classLoader cpw.mods.modlauncher.TransformingClassLoader@54089484 & cpw.mods.modlauncher.TransformingClassLoader@54089484
[25Jun2026 15:47:39.252] [main/DEBUG] [net.minecraftforge.fml.javafmlmod.FMLJavaModLanguageProvider/LOADING]: Loading FMLModContainer from classloader cpw.mods.modlauncher.TransformingClassLoader@54089484 - got cpw.mods.modlauncher.TransformingClassLoader@54089484
[25Jun2026 15:47:39.252] [main/DEBUG] [net.minecraftforge.fml.javafmlmod.FMLModContainer/LOADING]: Creating FMLModContainer instance for net.aurelj.dungeons_arise.DungeonsAriseMain with classLoader cpw.mods.modlauncher.TransformingClassLoader@54089484 & cpw.mods.modlauncher.TransformingClassLoader@54089484
[25Jun2026 15:47:39.352] [modloading-worker-3/DEBUG] [net.minecraftforge.fml.config.ConfigTracker/CONFIG]: Config file jade-common.toml for jade tracking
[25Jun2026 15:47:39.454] [modloading-worker-0/DEBUG] [net.minecraftforge.fml.config.ConfigTracker/CONFIG]: Config file sophisticatedbackpacks-common.toml for sophisticatedbackpacks tracking
[25Jun2026 15:47:39.454] [modloading-worker-0/DEBUG] [net.minecraftforge.fml.config.ConfigTracker/CONFIG]: Config file sophisticatedbackpacks-client.toml for sophisticatedbackpacks tracking
[25Jun2026 15:47:39.488] [modloading-worker-3/DEBUG] [net.minecraftforge.fml.AutomaticEventSubscriber/LOADING]: Attempting to inject @EventBusSubscriber classes into the eventbus for jade
[25Jun2026 15:47:39.492] [modloading-worker-2/DEBUG] [net.minecraftforge.fml.AutomaticEventSubscriber/LOADING]: Attempting to inject @EventBusSubscriber classes into the eventbus for supermartijn642configlib
[25Jun2026 15:47:39.493] [modloading-worker-1/DEBUG] [net.minecraftforge.fml.AutomaticEventSubscriber/LOADING]: Attempting to inject @EventBusSubscriber classes into the eventbus for waila
[25Jun2026 15:47:39.531] [modloading-worker-1/DEBUG] [net.minecraftforge.fml.AutomaticEventSubscriber/LOADING]: Attempting to inject @EventBusSubscriber classes into the eventbus for jei
[25Jun2026 15:47:39.538] [modloading-worker-2/DEBUG] [mixin/]: Mixing CraftingHelperMixin from supermartijn642corelib.mixins.json into net.minecraftforge.common.crafting.CraftingHelper
[25Jun2026 15:47:39.609] [modloading-worker-1/DEBUG] [net.minecraftforge.fml.config.ConfigTracker/CONFIG]: Config file carryon-client.toml for carryon tracking
[25Jun2026 15:47:39.609] [modloading-worker-1/DEBUG] [net.minecraftforge.fml.config.ConfigTracker/CONFIG]: Config file carryon-server.toml for carryon tracking
[25Jun2026 15:47:39.609] [modloading-worker-1/DEBUG] [net.minecraftforge.fml.AutomaticEventSubscriber/LOADING]: Attempting to inject @EventBusSubscriber classes into the eventbus for carryon
[25Jun2026 15:47:39.609] [modloading-worker-1/DEBUG] [net.minecraftforge.fml.AutomaticEventSubscriber/LOADING]: Auto-subscribing tschipp.carryon.CarryOn to MOD
[25Jun2026 15:47:39.616] [modloading-worker-1/DEBUG] [net.minecraftforge.fml.AutomaticEventSubscriber/LOADING]: Auto-subscribing tschipp.carryon.common.scripting.ScriptReloadListener to FORGE
[25Jun2026 15:47:39.646] [modloading-worker-1/DEBUG] [net.minecraftforge.fml.AutomaticEventSubscriber/LOADING]: Auto-subscribing tschipp.carryon.common.config.Configs to MOD
[25Jun2026 15:47:39.646] [modloading-worker-1/DEBUG] [net.minecraftforge.fml.AutomaticEventSubscriber/LOADING]: Auto-subscribing tschipp.carryon.common.handler.RegistrationHandler to FORGE
[25Jun2026 15:47:39.639] [modloading-worker-2/DEBUG] [net.minecraftforge.fml.AutomaticEventSubscriber/LOADING]: Attempting to inject @EventBusSubscriber classes into the eventbus for supermartijn642corelib
[25Jun2026 15:47:39.649] [modloading-worker-1/DEBUG] [net.minecraftforge.fml.AutomaticEventSubscriber/LOADING]: Auto-subscribing tschipp.carryon.common.event.ItemEvents to FORGE
[25Jun2026 15:47:39.661] [modloading-worker-3/DEBUG] [net.minecraftforge.fml.AutomaticEventSubscriber/LOADING]: Attempting to inject @EventBusSubscriber classes into the eventbus for chunkloaders
[25Jun2026 15:47:39.665] [modloading-worker-3/DEBUG] [net.minecraftforge.fml.AutomaticEventSubscriber/LOADING]: Auto-subscribing com.supermartijn642.chunkloaders.capability.PlayerActivityTracker to FORGE
[25Jun2026 15:47:39.681] [modloading-worker-1/DEBUG] [net.minecraftforge.fml.config.ConfigTracker/CONFIG]: Config file goblintraders-common.toml for goblintraders tracking
[25Jun2026 15:47:39.701] [modloading-worker-3/DEBUG] [net.minecraftforge.fml.AutomaticEventSubscriber/LOADING]: Auto-subscribing com.supermartijn642.chunkloaders.capability.ChunkLoadingEventHandler to FORGE
[25Jun2026 15:47:39.705] [modloading-worker-2/DEBUG] [net.minecraftforge.fml.config.ConfigTracker/CONFIG]: Config file fallingtree-common.toml for fallingtree tracking
[25Jun2026 15:47:39.705] [modloading-worker-2/DEBUG] [net.minecraftforge.fml.AutomaticEventSubscriber/LOADING]: Attempting to inject @EventBusSubscriber classes into the eventbus for fallingtree
[25Jun2026 15:47:39.706] [modloading-worker-2/DEBUG] [net.minecraftforge.fml.AutomaticEventSubscriber/LOADING]: Auto-subscribing fr.raksrinana.fallingtree.forge.config.Config to MOD
[25Jun2026 15:47:39.706] [modloading-worker-3/DEBUG] [net.minecraftforge.fml.AutomaticEventSubscriber/LOADING]: Auto-subscribing com.supermartijn642.chunkloaders.LegacyChunkLoadingCapability to FORGE
[25Jun2026 15:47:39.706] [modloading-worker-2/DEBUG] [net.minecraftforge.fml.AutomaticEventSubscriber/LOADING]: Auto-subscribing fr.raksrinana.fallingtree.forge.ForgeEventSubscriber to FORGE
[25Jun2026 15:47:39.707] [modloading-worker-3/DEBUG] [net.minecraftforge.versions.forge.ForgeVersion/CORE]: Forge Version package package net.minecraftforge.versions.forge, Forge, version 36.2 from cpw.mods.modlauncher.TransformingClassLoader@54089484
[25Jun2026 15:47:39.707] [modloading-worker-3/DEBUG] [net.minecraftforge.versions.forge.ForgeVersion/CORE]: Found Forge version 36.2.42
[25Jun2026 15:47:39.708] [modloading-worker-3/DEBUG] [net.minecraftforge.versions.forge.ForgeVersion/CORE]: Found Forge spec 36.2
[25Jun2026 15:47:39.708] [modloading-worker-3/DEBUG] [net.minecraftforge.versions.forge.ForgeVersion/CORE]: Found Forge group net.minecraftforge
[25Jun2026 15:47:39.717] [modloading-worker-3/DEBUG] [net.minecraftforge.versions.mcp.MCPVersion/CORE]: Found MC version information 1.16.5
[25Jun2026 15:47:39.718] [modloading-worker-3/DEBUG] [net.minecraftforge.versions.mcp.MCPVersion/CORE]: Found MCP version information 20210115.111550
[25Jun2026 15:47:39.718] [modloading-worker-3/INFO] [net.minecraftforge.common.ForgeMod/FORGEMOD]: Forge mod loading, version 36.2.42, for MC 1.16.5 with MCP 20210115.111550
[25Jun2026 15:47:39.740] [modloading-worker-3/INFO] [net.minecraftforge.common.MinecraftForge/FORGE]: MinecraftForge v36.2.42 Initialized
[25Jun2026 15:47:39.781] [modloading-worker-3/DEBUG] [mixin/]: Mixing DataGeneratorMixin from supermartijn642corelib.mixins.json into net.minecraft.data.DataGenerator
[25Jun2026 15:47:39.784] [modloading-worker-3/DEBUG] [mixin/]: Renaming synthetic method lambda$runHead$0(Lnet/minecraft/data/DirectoryCache;Ljava/lang/String;)V to md2e5ac6$lambda$runHead$0$0 in supermartijn642corelib.mixins.json:DataGeneratorMixin
[25Jun2026 15:47:39.852] [modloading-worker-2/DEBUG] [net.minecraftforge.fml.config.ConfigTracker/CONFIG]: Config file curios-client.toml for curios tracking
[25Jun2026 15:47:39.866] [modloading-worker-2/DEBUG] [net.minecraftforge.fml.config.ConfigTracker/CONFIG]: Config file curios-server.toml for curios tracking
[25Jun2026 15:47:39.867] [modloading-worker-2/DEBUG] [net.minecraftforge.fml.AutomaticEventSubscriber/LOADING]: Attempting to inject @EventBusSubscriber classes into the eventbus for curios
[25Jun2026 15:47:39.867] [modloading-worker-2/DEBUG] [net.minecraftforge.fml.AutomaticEventSubscriber/LOADING]: Auto-subscribing top.theillusivec4.curios.common.CuriosRegistry to MOD
[25Jun2026 15:47:39.870] [modloading-worker-1/DEBUG] [net.minecraftforge.fml.AutomaticEventSubscriber/LOADING]: Attempting to inject @EventBusSubscriber classes into the eventbus for goblintraders
[25Jun2026 15:47:39.870] [modloading-worker-1/DEBUG] [net.minecraftforge.fml.AutomaticEventSubscriber/LOADING]: Auto-subscribing com.mrcrayfish.goblintraders.world.spawner.SpawnHandler to FORGE
[25Jun2026 15:47:39.883] [modloading-worker-1/DEBUG] [net.minecraftforge.fml.AutomaticEventSubscriber/LOADING]: Auto-subscribing com.mrcrayfish.goblintraders.trades.TradeManager to FORGE
[25Jun2026 15:47:39.887] [modloading-worker-3/DEBUG] [net.minecraftforge.fml.config.ConfigTracker/CONFIG]: Config file forge-client.toml for forge tracking
[25Jun2026 15:47:39.887] [modloading-worker-3/DEBUG] [net.minecraftforge.fml.config.ConfigTracker/CONFIG]: Config file forge-server.toml for forge tracking
[25Jun2026 15:47:39.887] [modloading-worker-3/DEBUG] [net.minecraftforge.fml.config.ConfigTracker/CONFIG]: Config file forge-common.toml for forge tracking
[25Jun2026 15:47:39.892] [modloading-worker-1/DEBUG] [net.minecraftforge.fml.AutomaticEventSubscriber/LOADING]: Auto-subscribing com.mrcrayfish.goblintraders.init.ModEntities to MOD
[25Jun2026 15:47:39.893] [modloading-worker-1/DEBUG] [net.minecraftforge.fml.AutomaticEventSubscriber/LOADING]: Auto-subscribing com.mrcrayfish.goblintraders.datagen.DataGeneration to MOD
[25Jun2026 15:47:39.899] [modloading-worker-1/DEBUG] [net.minecraftforge.fml.config.ConfigTracker/CONFIG]: Config file journeymap-server.toml for journeymap tracking
[25Jun2026 15:47:39.901] [modloading-worker-1/DEBUG] [net.minecraftforge.fml.AutomaticEventSubscriber/LOADING]: Attempting to inject @EventBusSubscriber classes into the eventbus for journeymap
[25Jun2026 15:47:39.908] [modloading-worker-1/DEBUG] [net.minecraftforge.fml.AutomaticEventSubscriber/LOADING]: Auto-subscribing journeymap.common.Journeymap to FORGE
[25Jun2026 15:47:39.911] [modloading-worker-1/DEBUG] [net.minecraftforge.fml.AutomaticEventSubscriber/LOADING]: Auto-subscribing journeymap.common.config.ForgeConfig to MOD
[25Jun2026 15:47:39.920] [modloading-worker-0/DEBUG] [mixin/]: Mixing ForgeTagHandlerMixin from supermartijn642corelib.mixins.json into net.minecraftforge.common.ForgeTagHandler
[25Jun2026 15:47:39.921] [modloading-worker-0/DEBUG] [mixin/]: Renaming synthetic method lambda$createCustomTagTypeReaders$0(Lnet/minecraft/util/ResourceLocation;Lnet/minecraft/tags/TagCollectionReader;)V to md2e5ac6$lambda$createCustomTagTypeReaders$0$0 in supermartijn642corelib.mixins.json:ForgeTagHandlerMixin
[25Jun2026 15:47:39.932] [modloading-worker-2/DEBUG] [net.minecraftforge.fml.config.ConfigTracker/CONFIG]: Config file waystones-common.toml for waystones tracking
[25Jun2026 15:47:39.933] [modloading-worker-2/DEBUG] [net.minecraftforge.fml.config.ConfigTracker/CONFIG]: Config file waystones-client.toml for waystones tracking
[25Jun2026 15:47:39.933] [modloading-worker-2/DEBUG] [net.minecraftforge.fml.config.ConfigTracker/CONFIG]: Config file /workspaces/server-pa-juegar/servidor_minecraft/config/waystones-server.toml for waystones tracking
[25Jun2026 15:47:39.933] [modloading-worker-2/DEBUG] [net.minecraftforge.fml.AutomaticEventSubscriber/LOADING]: Attempting to inject @EventBusSubscriber classes into the eventbus for waystones
[25Jun2026 15:47:39.933] [modloading-worker-2/DEBUG] [net.minecraftforge.fml.AutomaticEventSubscriber/LOADING]: Auto-subscribing net.blay09.mods.waystones.worldgen.ModWorldGen to FORGE
[25Jun2026 15:47:39.947] [modloading-worker-2/DEBUG] [net.minecraftforge.fml.AutomaticEventSubscriber/LOADING]: Auto-subscribing net.blay09.mods.waystones.Waystones to MOD
[25Jun2026 15:47:39.951] [modloading-worker-2/DEBUG] [net.minecraftforge.fml.AutomaticEventSubscriber/LOADING]: Auto-subscribing net.blay09.mods.waystones.handler.WaystoneActivationStatHandler to FORGE
[25Jun2026 15:47:39.953] [modloading-worker-2/DEBUG] [net.minecraftforge.fml.AutomaticEventSubscriber/LOADING]: Auto-subscribing net.blay09.mods.waystones.handler.WarpDamageResetHandler to FORGE
[25Jun2026 15:47:39.958] [modloading-worker-1/DEBUG] [net.minecraftforge.fml.config.ConfigTracker/CONFIG]: Config file when-dungeons-arise-common.toml for dungeons_arise tracking
[25Jun2026 15:47:39.958] [modloading-worker-2/DEBUG] [net.minecraftforge.fml.AutomaticEventSubscriber/LOADING]: Auto-subscribing net.blay09.mods.waystones.handler.LoginHandler to FORGE
[25Jun2026 15:47:39.959] [modloading-worker-2/DEBUG] [net.minecraftforge.fml.AutomaticEventSubscriber/LOADING]: Auto-subscribing net.blay09.mods.waystones.config.WaystonesConfig to MOD
[25Jun2026 15:47:39.969] [modloading-worker-3/DEBUG] [net.minecraftforge.fml.AutomaticEventSubscriber/LOADING]: Attempting to inject @EventBusSubscriber classes into the eventbus for forge
[25Jun2026 15:47:39.969] [modloading-worker-3/DEBUG] [net.minecraftforge.fml.AutomaticEventSubscriber/LOADING]: Auto-subscribing net.minecraftforge.common.ForgeSpawnEggItem$CommonHandler to MOD
[25Jun2026 15:47:40.038] [modloading-worker-0/DEBUG] [net.minecraftforge.fml.AutomaticEventSubscriber/LOADING]: Attempting to inject @EventBusSubscriber classes into the eventbus for sophisticatedbackpacks
[25Jun2026 15:47:40.058] [modloading-worker-1/DEBUG] [net.minecraftforge.fml.AutomaticEventSubscriber/LOADING]: Attempting to inject @EventBusSubscriber classes into the eventbus for dungeons_arise
[25Jun2026 15:47:40.060] [main/DEBUG] [net.minecraftforge.fml.DeferredWorkQueue/LOADING]: Dispatching synchronous work after CONSTRUCT: 2 jobs
[25Jun2026 15:47:40.100] [main/DEBUG] [net.minecraftforge.fml.DeferredWorkQueue/LOADING]: Synchronous work queue completed in 00:00:00.036
[25Jun2026 15:47:40.597] [main/DEBUG] [net.minecraftforge.fml.config.ConfigTracker/CONFIG]: Loading configs type COMMON
[25Jun2026 15:47:40.601] [main/DEBUG] [net.minecraftforge.fml.config.ConfigFileTypeHandler/CONFIG]: Built TOML config for /workspaces/server-pa-juegar/servidor_minecraft/config/jade-common.toml
[25Jun2026 15:47:40.602] [main/DEBUG] [net.minecraftforge.fml.config.ConfigFileTypeHandler/CONFIG]: Loaded TOML config file /workspaces/server-pa-juegar/servidor_minecraft/config/jade-common.toml
[25Jun2026 15:47:40.606] [main/DEBUG] [net.minecraftforge.fml.config.ConfigFileTypeHandler/CONFIG]: Watching TOML config file /workspaces/server-pa-juegar/servidor_minecraft/config/jade-common.toml for changes
[25Jun2026 15:47:40.621] [Thread-0/DEBUG] [net.minecraftforge.fml.config.ConfigFileTypeHandler/CONFIG]: Config file jade-common.toml changed, sending notifies
[25Jun2026 15:47:40.625] [main/DEBUG] [net.minecraftforge.fml.config.ConfigFileTypeHandler/CONFIG]: Built TOML config for /workspaces/server-pa-juegar/servidor_minecraft/config/sophisticatedbackpacks-common.toml
[25Jun2026 15:47:40.638] [main/DEBUG] [net.minecraftforge.fml.config.ConfigFileTypeHandler/CONFIG]: Loaded TOML config file /workspaces/server-pa-juegar/servidor_minecraft/config/sophisticatedbackpacks-common.toml
[25Jun2026 15:47:40.643] [main/DEBUG] [net.minecraftforge.fml.config.ConfigFileTypeHandler/CONFIG]: Watching TOML config file /workspaces/server-pa-juegar/servidor_minecraft/config/sophisticatedbackpacks-common.toml for changes
[25Jun2026 15:47:40.638] [Thread-0/DEBUG] [net.minecraftforge.fml.config.ConfigFileTypeHandler/CONFIG]: Config file jade-common.toml changed, sending notifies
[25Jun2026 15:47:40.668] [Thread-0/DEBUG] [net.minecraftforge.fml.config.ConfigFileTypeHandler/CONFIG]: Config file sophisticatedbackpacks-common.toml changed, sending notifies
[25Jun2026 15:47:40.671] [main/DEBUG] [net.minecraftforge.fml.config.ConfigFileTypeHandler/CONFIG]: Built TOML config for /workspaces/server-pa-juegar/servidor_minecraft/config/goblintraders-common.toml
[25Jun2026 15:47:40.671] [main/DEBUG] [net.minecraftforge.fml.config.ConfigFileTypeHandler/CONFIG]: Loaded TOML config file /workspaces/server-pa-juegar/servidor_minecraft/config/goblintraders-common.toml
[25Jun2026 15:47:40.674] [main/DEBUG] [net.minecraftforge.fml.config.ConfigFileTypeHandler/CONFIG]: Watching TOML config file /workspaces/server-pa-juegar/servidor_minecraft/config/goblintraders-common.toml for changes
[25Jun2026 15:47:40.675] [main/DEBUG] [net.minecraftforge.fml.config.ConfigFileTypeHandler/CONFIG]: Built TOML config for /workspaces/server-pa-juegar/servidor_minecraft/config/fallingtree-common.toml
[25Jun2026 15:47:40.676] [main/DEBUG] [net.minecraftforge.fml.config.ConfigFileTypeHandler/CONFIG]: Loaded TOML config file /workspaces/server-pa-juegar/servidor_minecraft/config/fallingtree-common.toml
[25Jun2026 15:47:40.679] [main/DEBUG] [net.minecraftforge.fml.config.ConfigFileTypeHandler/CONFIG]: Watching TOML config file /workspaces/server-pa-juegar/servidor_minecraft/config/fallingtree-common.toml for changes
[25Jun2026 15:47:40.719] [main/DEBUG] [net.minecraftforge.fml.config.ConfigFileTypeHandler/CONFIG]: Built TOML config for /workspaces/server-pa-juegar/servidor_minecraft/config/forge-common.toml
[25Jun2026 15:47:40.719] [main/DEBUG] [net.minecraftforge.fml.config.ConfigFileTypeHandler/CONFIG]: Loaded TOML config file /workspaces/server-pa-juegar/servidor_minecraft/config/forge-common.toml
[25Jun2026 15:47:40.733] [main/DEBUG] [net.minecraftforge.fml.config.ConfigFileTypeHandler/CONFIG]: Watching TOML config file /workspaces/server-pa-juegar/servidor_minecraft/config/forge-common.toml for changes
[25Jun2026 15:47:40.734] [main/DEBUG] [net.minecraftforge.common.ForgeConfig/FORGEMOD]: Loaded forge config file forge-common.toml
[25Jun2026 15:47:40.736] [main/DEBUG] [net.minecraftforge.fml.config.ConfigFileTypeHandler/CONFIG]: Built TOML config for /workspaces/server-pa-juegar/servidor_minecraft/config/waystones-common.toml
[25Jun2026 15:47:40.737] [main/DEBUG] [net.minecraftforge.fml.config.ConfigFileTypeHandler/CONFIG]: Loaded TOML config file /workspaces/server-pa-juegar/servidor_minecraft/config/waystones-common.toml
[25Jun2026 15:47:40.741] [main/DEBUG] [net.minecraftforge.fml.config.ConfigFileTypeHandler/CONFIG]: Watching TOML config file /workspaces/server-pa-juegar/servidor_minecraft/config/waystones-common.toml for changes
[25Jun2026 15:47:40.743] [main/DEBUG] [net.minecraftforge.fml.config.ConfigFileTypeHandler/CONFIG]: Built TOML config for /workspaces/server-pa-juegar/servidor_minecraft/config/when-dungeons-arise-common.toml
[25Jun2026 15:47:40.755] [main/DEBUG] [net.minecraftforge.fml.config.ConfigFileTypeHandler/CONFIG]: Loaded TOML config file /workspaces/server-pa-juegar/servidor_minecraft/config/when-dungeons-arise-common.toml
[25Jun2026 15:47:40.756] [main/DEBUG] [net.minecraftforge.fml.config.ConfigFileTypeHandler/CONFIG]: Watching TOML config file /workspaces/server-pa-juegar/servidor_minecraft/config/when-dungeons-arise-common.toml for changes
[25Jun2026 15:47:40.764] [Thread-0/DEBUG] [net.minecraftforge.fml.config.ConfigFileTypeHandler/CONFIG]: Config file when-dungeons-arise-common.toml changed, sending notifies
[25Jun2026 15:47:40.771] [Thread-0/DEBUG] [net.minecraftforge.fml.config.ConfigFileTypeHandler/CONFIG]: Config file when-dungeons-arise-common.toml changed, sending notifies
[25Jun2026 15:47:40.777] [Thread-0/DEBUG] [net.minecraftforge.fml.config.ConfigFileTypeHandler/CONFIG]: Config file when-dungeons-arise-common.toml changed, sending notifies
[25Jun2026 15:47:40.822] [modloading-worker-0/DEBUG] [net.minecraftforge.fml.config.ConfigTracker/CONFIG]: Config file jei-server.toml for jei tracking
[25Jun2026 15:47:40.823] [modloading-worker-0/WARN] [net.minecraftforge.common.ForgeHooks/]: Called deprecated GlobalEntityTypeAttributes#put for goblintraders:goblin_trader, use EntityAttributeCreationEvent instead.
[25Jun2026 15:47:40.824] [modloading-worker-0/WARN] [net.minecraftforge.common.ForgeHooks/]: Called deprecated GlobalEntityTypeAttributes#put for goblintraders:vein_goblin_trader, use EntityAttributeCreationEvent instead.
[25Jun2026 15:47:40.868] [Forge Version Check/INFO] [net.minecraftforge.fml.VersionChecker/]: [fallingtree] Starting version check at https://raw.githubusercontent.com/RakSrinaNa/FallingTree/1.16.5/update.json
[25Jun2026 15:47:40.962] [main/DEBUG] [net.minecraftforge.fml.DeferredWorkQueue/LOADING]: Dispatching synchronous work after COMMON_SETUP: 4 jobs
[25Jun2026 15:47:40.963] [main/INFO] [journeymap/]: Initializing Packet Registries
[25Jun2026 15:47:40.971] [main/DEBUG] [journeymap/]: Registering internal Network handler.
[25Jun2026 15:47:41.003] [main/DEBUG] [journeymap/]: Registering external WorldId packet handler on channel -> "worldinfo:world_id".
[25Jun2026 15:47:41.009] [main/DEBUG] [journeymap/]: Registering external waypoint crud listener handler on channel -> "journeymap:waypoint".
[25Jun2026 15:47:41.137] [main/DEBUG] [net.minecraftforge.fml.DeferredWorkQueue/LOADING]: Synchronous work queue completed in 00:00:00.174
[25Jun2026 15:47:41.257] [modloading-worker-3/INFO] [Waila/]: Registered plugin at snownee.jade.JadePlugin
[25Jun2026 15:47:41.259] [modloading-worker-3/INFO] [Waila/]: Registered plugin at snownee.jade.JadeClientPlugin
[25Jun2026 15:47:41.273] [modloading-worker-3/INFO] [Waila/]: Registered plugin at mcp.mobius.waila.addons.minecraft.PluginMinecraft
[25Jun2026 15:47:41.280] [modloading-worker-3/INFO] [Waila/]: Registered plugin at net.blay09.mods.waystones.compat.WailaProvider
[25Jun2026 15:47:41.409] [Forge Version Check/WARN] [net.minecraftforge.fml.VersionChecker/]: Failed to process update information
java.lang.NullPointerException: null
	at net.minecraftforge.fml.VersionChecker$1.openUrlString(VersionChecker.java:160) ~[forge:?]
	at net.minecraftforge.fml.VersionChecker$1.process(VersionChecker.java:187) ~[forge:?]
	at java.lang.Iterable.forEach(Iterable.java:75) [?:?]
	at net.minecraftforge.fml.VersionChecker$1.run(VersionChecker.java:128) [forge:?]
[25Jun2026 15:47:41.412] [Forge Version Check/INFO] [net.minecraftforge.fml.VersionChecker/]: [goblintraders] Starting version check at https://mrcrayfish.com/modupdatejson?id=goblintraders
[25Jun2026 15:47:41.679] [Forge Version Check/WARN] [net.minecraftforge.fml.VersionChecker/]: Failed to process update information
java.io.IOException: Server returned HTTP response code: 403 for URL: https://mrcrayfish.com/modupdatejson?id=goblintraders
	at jdk.internal.reflect.NativeConstructorAccessorImpl.newInstance0(Native Method) ~[?:?]
	at jdk.internal.reflect.NativeConstructorAccessorImpl.newInstance(NativeConstructorAccessorImpl.java:62) ~[?:?]
	at jdk.internal.reflect.DelegatingConstructorAccessorImpl.newInstance(DelegatingConstructorAccessorImpl.java:45) ~[?:?]
	at java.lang.reflect.Constructor.newInstance(Constructor.java:490) ~[?:?]
	at sun.net.www.protocol.http.HttpURLConnection$10.run(HttpURLConnection.java:2019) ~[?:?]
	at sun.net.www.protocol.http.HttpURLConnection$10.run(HttpURLConnection.java:2014) ~[?:?]
	at java.security.AccessController.doPrivileged(Native Method) ~[?:?]
	at sun.net.www.protocol.http.HttpURLConnection.getChainedException(HttpURLConnection.java:2013) ~[?:?]
	at sun.net.www.protocol.http.HttpURLConnection.getInputStream0(HttpURLConnection.java:1575) ~[?:?]
	at sun.net.www.protocol.http.HttpURLConnection.getInputStream(HttpURLConnection.java:1559) ~[?:?]
	at sun.net.www.protocol.https.HttpsURLConnectionImpl.getInputStream(HttpsURLConnectionImpl.java:250) ~[?:?]
	at net.minecraftforge.fml.VersionChecker$1.openUrlString(VersionChecker.java:163) ~[forge:?]
	at net.minecraftforge.fml.VersionChecker$1.process(VersionChecker.java:187) ~[forge:?]
	at java.lang.Iterable.forEach(Iterable.java:75) [?:?]
	at net.minecraftforge.fml.VersionChecker$1.run(VersionChecker.java:128) [forge:?]
Caused by: java.io.IOException: Server returned HTTP response code: 403 for URL: https://mrcrayfish.com/modupdatejson?id=goblintraders
	at sun.net.www.protocol.http.HttpURLConnection.getInputStream0(HttpURLConnection.java:1963) ~[?:?]
	at sun.net.www.protocol.http.HttpURLConnection.getInputStream(HttpURLConnection.java:1559) ~[?:?]
	at java.net.HttpURLConnection.getResponseCode(HttpURLConnection.java:527) ~[?:?]
	at sun.net.www.protocol.https.HttpsURLConnectionImpl.getResponseCode(HttpsURLConnectionImpl.java:334) ~[?:?]
	at net.minecraftforge.fml.VersionChecker$1.openUrlString(VersionChecker.java:145) ~[forge:?]
	... 3 more
[25Jun2026 15:47:41.687] [Forge Version Check/INFO] [net.minecraftforge.fml.VersionChecker/]: [forge] Starting version check at https://files.minecraftforge.net/net/minecraftforge/forge/promotions_slim.json
[25Jun2026 15:47:41.827] [Forge Version Check/DEBUG] [net.minecraftforge.fml.VersionChecker/]: [forge] Received version check data:
{
  "homepage": "https://files.minecraftforge.net/net/minecraftforge/forge/",
  "promos": {
    "1.1-latest": "1.3.4.29",
    "1.2.3-latest": "1.4.1.64",
    "1.2.4-latest": "2.0.0.68",
    "1.2.5-latest": "3.4.9.171",
    "1.3.2-latest": "4.3.5.318",
    "1.4.0-latest": "5.0.0.326",
    "1.4.1-latest": "6.0.0.329",
    "1.4.2-latest": "6.0.1.355",
    "1.4.3-latest": "6.2.1.358",
    "1.4.4-latest": "6.3.0.378",
    "1.4.5-latest": "6.4.2.448",
    "1.4.6-latest": "6.5.0.489",
    "1.4.7-latest": "6.6.2.534",
    "1.5-latest": "7.7.0.598",
    "1.5.1-latest": "7.7.2.682",
    "1.5.2-latest": "7.8.1.738",
    "1.5.2-recommended": "7.8.1.738",
    "1.6.1-latest": "8.9.0.775",
    "1.6.2-latest": "9.10.1.871",
    "1.6.2-recommended": "9.10.1.871",
    "1.6.3-latest": "9.11.0.878",
    "1.6.4-latest": "9.11.1.1345",
    "1.6.4-recommended": "9.11.1.1345",
    "1.7.2-latest": "10.12.2.1161",
    "1.7.2-recommended": "10.12.2.1161",
    "1.7.10-latest": "10.13.4.1614",
    "1.7.10-recommended": "10.13.4.1614",
    "1.8-latest": "11.14.4.1577",
    "1.8-recommended": "11.14.4.1563",
    "1.8.8-latest": "11.15.0.1655",
    "1.8.9-latest": "11.15.1.2318",
    "1.8.9-recommended": "11.15.1.2318",
    "1.9-latest": "12.16.1.1938",
    "1.9-recommended": "12.16.1.1887",
    "1.9.4-latest": "12.17.0.2317",
    "1.9.4-recommended": "12.17.0.2317",
    "1.10-latest": "12.18.0.2000",
    "1.10.2-latest": "12.18.3.2511",
    "1.10.2-recommended": "12.18.3.2511",
    "1.11-latest": "13.19.1.2199",
    "1.11-recommended": "13.19.1.2189",
    "1.11.2-latest": "13.20.1.2588",
    "1.11.2-recommended": "13.20.1.2588",
    "1.12-latest": "14.21.1.2443",
    "1.12-recommended": "14.21.1.2387",
    "1.12.1-latest": "14.22.1.2485",
    "1.12.1-recommended": "14.22.1.2478",
    "1.12.2-latest": "14.23.5.2864",
    "1.12.2-recommended": "14.23.5.2859",
    "1.13.2-latest": "25.0.223",
    "1.14.2-latest": "26.0.63",
    "1.14.3-latest": "27.0.60",
    "1.14.4-latest": "28.2.30",
    "1.14.4-recommended": "28.2.26",
    "1.15-latest": "29.0.4",
    "1.15.1-latest": "30.0.51",
    "1.15.2-latest": "31.2.60",
    "1.15.2-recommended": "31.2.57",
    "1.16.1-latest": "32.0.108",
    "1.16.2-latest": "33.0.61",
    "1.16.3-latest": "34.1.42",
    "1.16.3-recommended": "34.1.0",
    "1.16.4-latest": "35.1.37",
    "1.16.4-recommended": "35.1.4",
    "1.16.5-latest": "36.2.42",
    "1.16.5-recommended": "36.2.34",
    "1.17.1-latest": "37.1.1",
    "1.17.1-recommended": "37.1.1",
    "1.18-latest": "38.0.17",
    "1.18.1-latest": "39.1.2",
    "1.18.1-recommended": "39.1.0",
    "1.18.2-recommended": "40.3.0",
    "1.18.2-latest": "40.3.12",
    "1.19-latest": "41.1.0",
    "1.19-recommended": "41.1.0",
    "1.19.1-latest": "42.0.9",
    "1.19.2-recommended": "43.5.0",
    "1.19.2-latest": "43.5.2",
    "1.19.3-latest": "44.1.23",
    "1.19.3-recommended": "44.1.0",
    "1.19.4-recommended": "45.4.0",
    "1.19.4-latest": "45.4.3",
    "1.20-latest": "46.0.14",
    "1.20.1-recommended": "47.4.10",
    "1.20.1-latest": "47.4.20",
    "1.20.2-latest": "48.1.0",
    "1.20.2-recommended": "48.1.0",
    "1.20.3-latest": "49.0.2",
    "1.20.4-latest": "49.2.7",
    "1.20.4-recommended": "49.2.0",
    "1.20.6-latest": "50.2.8",
    "1.20.6-recommended": "50.2.0",
    "1.21-latest": "51.0.33",
    "1.21.1-latest": "52.1.14",
    "1.21.1-recommended": "52.1.0",
    "1.21.3-latest": "53.1.10",
    "1.21.3-recommended": "53.1.0",
    "1.21.4-latest": "54.1.16",
    "1.21.4-recommended": "54.1.14",
    "1.21.5-latest": "55.1.10",
    "1.21.5-recommended": "55.1.0",
    "1.21.6-latest": "56.0.9",
    "1.21.7-latest": "57.0.3",
    "1.21.8-latest": "58.1.18",
    "1.21.8-recommended": "58.1.0",
    "1.21.9-latest": "59.0.5",
    "1.21.10-latest": "60.1.9",
    "1.21.10-recommended": "60.1.0",
    "1.21.11-latest": "61.1.8",
    "1.21.11-recommended": "61.1.0",
    "26.1-latest": "62.0.9",
    "26.1.1-latest": "63.0.2",
    "26.1.2-latest": "64.0.10",
    "26.2-latest": "65.0.0"
  }
}
[25Jun2026 15:47:41.829] [Forge Version Check/INFO] [net.minecraftforge.fml.VersionChecker/]: [forge] Found status: AHEAD Current: 36.2.42 Target: null
[25Jun2026 15:47:41.830] [Forge Version Check/INFO] [net.minecraftforge.fml.VersionChecker/]: [journeymap] Starting version check at https://forge.curseupdate.com/32274/journeymap
[25Jun2026 15:47:41.980] [Forge Version Check/DEBUG] [net.minecraftforge.fml.VersionChecker/]: [journeymap] Received version check data:
{"promos":{"1.10.2-latest":"1.10.2-5.5.2","1.10.2-recommended":"1.10.2-5.5.2","1.11.2-latest":"1.11.2-5.5.2","1.11.2-recommended":"1.11.2-5.5.2","1.12-latest":"1.12-5.5.2","1.12-recommended":"1.12-5.5.2","1.12.1-latest":"1.12.1-5.5.2","1.12.1-recommended":"1.12.1-5.5.2","1.12.2-latest":"1.12.2-5.7.1p3","1.12.2-recommended":"1.12.2-5.7.1p3","1.14.4-latest":"5.7.0","1.14.4-recommended":"5.7.0","1.15.2-latest":"5.7.0","1.15.2-recommended":"5.7.0","1.16.2-latest":"5.7.3","1.16.2-recommended":"5.7.3","1.16.3-latest":"5.7.3","1.16.3-recommended":"5.7.3","1.16.4-latest":"5.7.3","1.16.4-recommended":"5.7.3","1.16.5-latest":"5.8.6","1.16.5-recommended":"5.8.6","1.17.1-latest":"5.8.0","1.17.1-recommended":"5.8.0","1.18-latest":"5.8.0alpha9","1.18.1-latest":"5.8.1","1.18.1-recommended":"5.8.1","1.18.2-latest":"5.9.8","1.18.2-recommended":"5.9.8","1.19-latest":"5.8.5","1.19-recommended":"5.8.5","1.19.1-latest":"5.9.0beta2","1.19.2-latest":"5.9.8","1.19.2-recommended":"5.9.8","1.19.3-latest":"5.9.7","1.19.3-recommended":"5.9.7","1.19.4-latest":"5.9.8","1.19.4-recommended":"5.9.8","1.20-latest":"5.9.8","1.20-recommended":"5.9.8","1.20.1-latest":"5.10.3","1.20.1-recommended":"5.10.3","1.20.2-latest":"5.9.21","1.20.2-recommended":"5.9.21","1.20.3-latest":"5.9.18","1.20.3-recommended":"5.9.18","1.20.4-latest":"5.10.0","1.20.4-recommended":"5.10.0","1.20.6-latest":"5.10.0","1.20.6-recommended":"5.10.0","1.21-latest":"1.21-6.0.0-beta.27","1.21.1-latest":"1.21.1-6.0.0-beta.52","1.21.4-latest":"1.21.4-6.0.0-beta.45","1.21.5-latest":"1.21.5-6.0.0-beta.52","1.21.6-latest":"1.21.6-6.0.0-beta.52","1.21.7-latest":"1.21.7-6.0.0-beta.53","1.21.8-latest":"1.21.8-6.0.0-beta.52","1.7.10-latest":"5.2.18","1.7.10-recommended":"5.2.18","1.9-latest":"1.9-5.5.2","1.9-recommended":"1.9-5.5.2","1.9.4-latest":"1.9.4-5.5.2","1.9.4-recommended":"1.9.4-5.5.2"},"homepage":"https://www.curseforge.com/minecraft/mc-mods/journeymap"}
[25Jun2026 15:47:41.984] [Forge Version Check/INFO] [net.minecraftforge.fml.VersionChecker/]: [journeymap] Found status: UP_TO_DATE Current: 5.8.6 Target: null
[25Jun2026 15:47:44.385] [main/DEBUG] [net.minecraftforge.common.ForgeTagHandler/]: Populated the TagCollectionManager with 3 extra types
[25Jun2026 15:47:45.025] [main/INFO] [com.mojang.authlib.yggdrasil.YggdrasilAuthenticationService/]: Environment: authHost='https://authserver.mojang.com', accountsHost='https://api.mojang.com', sessionHost='https://sessionserver.mojang.com', servicesHost='https://api.minecraftservices.com', name='PROD'
[25Jun2026 15:47:45.247] [main/DEBUG] [net.minecraftforge.fml.server.ServerLifecycleHooks/CORE]: Generating PackInfo named mod:supermartijn642configlib for mod file /workspaces/server-pa-juegar/servidor_minecraft/mods/supermartijn642configlib-1.1.8-forge-mc1.16.jar
[25Jun2026 15:47:45.247] [main/DEBUG] [net.minecraftforge.fml.server.ServerLifecycleHooks/CORE]: Generating PackInfo named mod:sophisticatedbackpacks for mod file /workspaces/server-pa-juegar/servidor_minecraft/mods/sophisticatedbackpacks-1.16.5-3.15.20.755.jar
[25Jun2026 15:47:45.247] [main/DEBUG] [net.minecraftforge.fml.server.ServerLifecycleHooks/CORE]: Generating PackInfo named mod:jade for mod file /workspaces/server-pa-juegar/servidor_minecraft/mods/Jade-1.16.4-2.8.3.jar
[25Jun2026 15:47:45.248] [main/DEBUG] [net.minecraftforge.fml.server.ServerLifecycleHooks/CORE]: Generating PackInfo named mod:jei for mod file /workspaces/server-pa-juegar/servidor_minecraft/mods/jei-1.16.5-7.8.0.1013.jar
[25Jun2026 15:47:45.248] [main/DEBUG] [net.minecraftforge.fml.server.ServerLifecycleHooks/CORE]: Generating PackInfo named mod:supermartijn642corelib for mod file /workspaces/server-pa-juegar/servidor_minecraft/mods/supermartijn642corelib-1.1.21-forge-mc1.16.jar
[25Jun2026 15:47:45.248] [main/DEBUG] [net.minecraftforge.fml.server.ServerLifecycleHooks/CORE]: Generating PackInfo named mod:chunkloaders for mod file /workspaces/server-pa-juegar/servidor_minecraft/mods/chunkloaders-1.2.9-forge-mc1.16.jar
[25Jun2026 15:47:45.248] [main/DEBUG] [net.minecraftforge.fml.server.ServerLifecycleHooks/CORE]: Generating PackInfo named mod:carryon for mod file /workspaces/server-pa-juegar/servidor_minecraft/mods/carryon-1.16.5-1.15.6.24.jar
[25Jun2026 15:47:45.248] [main/DEBUG] [net.minecraftforge.fml.server.ServerLifecycleHooks/CORE]: Generating PackInfo named mod:fallingtree for mod file /workspaces/server-pa-juegar/servidor_minecraft/mods/FallingTree-1.16.5-2.11.7.jar
[25Jun2026 15:47:45.248] [main/DEBUG] [net.minecraftforge.fml.server.ServerLifecycleHooks/CORE]: Generating PackInfo named mod:goblintraders for mod file /workspaces/server-pa-juegar/servidor_minecraft/mods/goblintraders-1.7.3-1.16.5.jar
[25Jun2026 15:47:45.249] [main/DEBUG] [net.minecraftforge.fml.server.ServerLifecycleHooks/CORE]: Generating PackInfo named mod:forge for mod file /workspaces/server-pa-juegar/servidor_minecraft/libraries/net/minecraftforge/forge/1.16.5-36.2.42/forge-1.16.5-36.2.42-universal.jar
[25Jun2026 15:47:45.249] [main/DEBUG] [net.minecraftforge.fml.server.ServerLifecycleHooks/CORE]: Generating PackInfo named mod:curios for mod file /workspaces/server-pa-juegar/servidor_minecraft/mods/curios-forge-1.16.5-4.1.0.0.jar
[25Jun2026 15:47:45.249] [main/DEBUG] [net.minecraftforge.fml.server.ServerLifecycleHooks/CORE]: Generating PackInfo named mod:waystones for mod file /workspaces/server-pa-juegar/servidor_minecraft/mods/Waystones_1.16.5-7.6.4.jar
[25Jun2026 15:47:45.250] [main/DEBUG] [net.minecraftforge.fml.server.ServerLifecycleHooks/CORE]: Generating PackInfo named mod:journeymap for mod file /workspaces/server-pa-juegar/servidor_minecraft/mods/journeymap-1.16.5-5.8.6.jar
[25Jun2026 15:47:45.253] [main/DEBUG] [net.minecraftforge.fml.server.ServerLifecycleHooks/CORE]: Generating PackInfo named mod:dungeons_arise for mod file /workspaces/server-pa-juegar/servidor_minecraft/mods/DungeonsArise-1.16.5-2.1.49-beta.jar
[25Jun2026 15:47:45.269] [main/DEBUG] [mixin/]: Mixing TagCollectionReaderMixin from supermartijn642corelib.mixins.json into net.minecraft.tags.TagCollectionReader
[25Jun2026 15:47:45.303] [main/DEBUG] [net.minecraftforge.common.ForgeTagHandler/]: Gathering custom tag collection reader from types.
[25Jun2026 15:47:45.920] [main/WARN] [net.minecraft.command.Commands/]: Ambiguity between arguments [teleport, destination] and [teleport, targets] with inputs: [Player, 0123, @e, dd12be42-52a9-4a91-a8a1-11c01849e498]
[25Jun2026 15:47:45.925] [main/WARN] [net.minecraft.command.Commands/]: Ambiguity between arguments [teleport, location] and [teleport, destination] with inputs: [0.1 -0.5 .9, 0 0 0]
[25Jun2026 15:47:45.927] [main/WARN] [net.minecraft.command.Commands/]: Ambiguity between arguments [teleport, location] and [teleport, targets] with inputs: [0.1 -0.5 .9, 0 0 0]
[25Jun2026 15:47:45.935] [main/WARN] [net.minecraft.command.Commands/]: Ambiguity between arguments [teleport, targets] and [teleport, destination] with inputs: [Player, 0123, dd12be42-52a9-4a91-a8a1-11c01849e498]
[25Jun2026 15:47:45.937] [main/WARN] [net.minecraft.command.Commands/]: Ambiguity between arguments [teleport, targets, location] and [teleport, targets, destination] with inputs: [0.1 -0.5 .9, 0 0 0]
[25Jun2026 15:47:45.940] [main/WARN] [net.minecraft.command.Commands/]: Ambiguity between arguments [waypoint, create, name, dimension, location, color, announce] and [waypoint, create, name, dimension, location, color, player] with inputs: [true, false]
[25Jun2026 15:47:45.942] [main/WARN] [net.minecraft.command.Commands/]: Ambiguity between arguments [waypoint, delete, name, announce] and [waypoint, delete, name, player] with inputs: [true, false]
[25Jun2026 15:47:45.956] [main/INFO] [net.minecraft.resources.SimpleReloadableResourceManager/]: Reloading ResourceManager: Default, forge-1.16.5-36.2.42-universal.jar, supermartijn642configlib-1.1.8-forge-mc1.16.jar, sophisticatedbackpacks-1.16.5-3.15.20.755.jar, Jade-1.16.4-2.8.3.jar, jei-1.16.5-7.8.0.1013.jar, supermartijn642corelib-1.1.21-forge-mc1.16.jar, chunkloaders-1.2.9-forge-mc1.16.jar, carryon-1.16.5-1.15.6.24.jar, FallingTree-1.16.5-2.11.7.jar, goblintraders-1.7.3-1.16.5.jar, curios-forge-1.16.5-4.1.0.0.jar, Waystones_1.16.5-7.6.4.jar, journeymap-1.16.5-5.8.6.jar, DungeonsArise-1.16.5-2.1.49-beta.jar
[25Jun2026 15:47:46.031] [Worker-Main-5/DEBUG] [mixin/]: Mixing TagBuilderMixin from supermartijn642corelib.mixins.json into net.minecraft.tags.ITag$Builder
[25Jun2026 15:47:47.575] [Worker-Main-4/INFO] [net.minecraft.item.crafting.RecipeManager/]: Loaded 7 recipes
[25Jun2026 15:47:48.876] [Worker-Main-4/INFO] [net.minecraft.advancements.AdvancementList/]: Loaded 1017 advancements
[25Jun2026 15:47:48.885] [Worker-Main-4/DEBUG] [sophisticatedbackpacks/]: Started loading registry data from sophisticatedbackpacks:compat/woot/block_tools 
[25Jun2026 15:47:48.887] [Worker-Main-4/DEBUG] [sophisticatedbackpacks/]: Started loading registry data from sophisticatedbackpacks:compat/fluxnetworks/block_tools 
[25Jun2026 15:47:48.887] [Worker-Main-4/DEBUG] [sophisticatedbackpacks/]: Started loading registry data from sophisticatedbackpacks:compat/mob_grinding_utils/entity_tools 
[25Jun2026 15:47:48.887] [Worker-Main-4/DEBUG] [sophisticatedbackpacks/]: Started loading registry data from sophisticatedbackpacks:compat/astralsorcery/block_tools 
[25Jun2026 15:47:48.887] [Worker-Main-4/DEBUG] [sophisticatedbackpacks/]: Started loading registry data from sophisticatedbackpacks:compat/immersivepetroleum/block_tools 
[25Jun2026 15:47:48.887] [Worker-Main-4/DEBUG] [sophisticatedbackpacks/]: Started loading registry data from sophisticatedbackpacks:compat/immersiveengineering/block_tools 
[25Jun2026 15:47:48.887] [Worker-Main-4/DEBUG] [sophisticatedbackpacks/]: Started loading registry data from sophisticatedbackpacks:compat/pedestals/block_tools 
[25Jun2026 15:47:48.887] [Worker-Main-4/DEBUG] [sophisticatedbackpacks/]: Started loading registry data from sophisticatedbackpacks:compat/platforms/block_tools 
[25Jun2026 15:47:48.888] [Worker-Main-4/DEBUG] [sophisticatedbackpacks/]: Started loading registry data from sophisticatedbackpacks:compat/rftoolsutility/entity_tools 
[25Jun2026 15:47:48.888] [Worker-Main-4/DEBUG] [sophisticatedbackpacks/]: Started loading registry data from sophisticatedbackpacks:compat/compactmachines/block_tools 
[25Jun2026 15:47:48.888] [Worker-Main-4/DEBUG] [sophisticatedbackpacks/]: Started loading registry data from sophisticatedbackpacks:compat/mcwwindows/block_tools 
[25Jun2026 15:47:48.888] [Worker-Main-4/DEBUG] [sophisticatedbackpacks/]: Started loading registry data from sophisticatedbackpacks:compat/integrateddynamics/block_tools 
[25Jun2026 15:47:48.888] [Worker-Main-4/DEBUG] [sophisticatedbackpacks/]: Started loading registry data from sophisticatedbackpacks:entity_tools 
[25Jun2026 15:47:48.893] [Worker-Main-4/DEBUG] [sophisticatedbackpacks/]: Finished loading registry data for sophisticatedbackpacks:entity_tools
[25Jun2026 15:47:48.896] [Worker-Main-4/DEBUG] [sophisticatedbackpacks/]: Started loading registry data from sophisticatedbackpacks:compat/mekanism/block_tools 
[25Jun2026 15:47:48.896] [Worker-Main-4/DEBUG] [sophisticatedbackpacks/]: Started loading registry data from sophisticatedbackpacks:compat/powah/block_tools 
[25Jun2026 15:47:48.896] [Worker-Main-4/DEBUG] [sophisticatedbackpacks/]: Started loading registry data from sophisticatedbackpacks:compat/apotheosis/entity_tools 
[25Jun2026 15:47:48.896] [Worker-Main-4/DEBUG] [sophisticatedbackpacks/]: Started loading registry data from sophisticatedbackpacks:compat/bloodmagic/block_tools 
[25Jun2026 15:47:48.896] [Worker-Main-4/DEBUG] [sophisticatedbackpacks/]: Started loading registry data from sophisticatedbackpacks:compat/immersiveposts/block_tools 
[25Jun2026 15:47:48.896] [Worker-Main-4/DEBUG] [sophisticatedbackpacks/]: Started loading registry data from sophisticatedbackpacks:compat/rats/entity_tools 
[25Jun2026 15:47:48.896] [Worker-Main-4/DEBUG] [sophisticatedbackpacks/]: Started loading registry data from sophisticatedbackpacks:compat/framedcompactdrawers/block_tools 
[25Jun2026 15:47:48.897] [Worker-Main-4/DEBUG] [sophisticatedbackpacks/]: Started loading registry data from sophisticatedbackpacks:compat/iceandfire/entity_tools 
[25Jun2026 15:47:48.897] [Worker-Main-4/DEBUG] [sophisticatedbackpacks/]: Started loading registry data from sophisticatedbackpacks:compat/storagedrawers/block_tools 
[25Jun2026 15:47:48.897] [Worker-Main-4/DEBUG] [sophisticatedbackpacks/]: Started loading registry data from sophisticatedbackpacks:compat/mcwroofs/block_tools 
[25Jun2026 15:47:48.897] [Worker-Main-4/DEBUG] [sophisticatedbackpacks/]: Started loading registry data from sophisticatedbackpacks:compat/morphtool/block_tools 
[25Jun2026 15:47:48.897] [Worker-Main-4/DEBUG] [sophisticatedbackpacks/]: Started loading registry data from sophisticatedbackpacks:compat/botania/block_tools 
[25Jun2026 15:47:48.897] [Worker-Main-4/DEBUG] [sophisticatedbackpacks/]: Started loading registry data from sophisticatedbackpacks:compat/pneumaticraft/block_tools 
[25Jun2026 15:47:48.897] [Worker-Main-4/DEBUG] [sophisticatedbackpacks/]: Started loading registry data from sophisticatedbackpacks:compat/shrink/entity_tools 
[25Jun2026 15:47:48.897] [Worker-Main-4/DEBUG] [sophisticatedbackpacks/]: Started loading registry data from sophisticatedbackpacks:compat/blockcarpentry/block_tools 
[25Jun2026 15:47:48.897] [Worker-Main-4/DEBUG] [sophisticatedbackpacks/]: Started loading registry data from sophisticatedbackpacks:compat/pipez/block_tools 
[25Jun2026 15:47:48.897] [Worker-Main-4/DEBUG] [sophisticatedbackpacks/]: Started loading registry data from sophisticatedbackpacks:compat/transport/block_tools 
[25Jun2026 15:47:48.897] [Worker-Main-4/DEBUG] [sophisticatedbackpacks/]: Started loading registry data from sophisticatedbackpacks:compat/thermal/block_tools 
[25Jun2026 15:47:48.898] [Worker-Main-4/DEBUG] [sophisticatedbackpacks/]: Started loading registry data from sophisticatedbackpacks:block_tools 
[25Jun2026 15:47:48.898] [Worker-Main-4/DEBUG] [sophisticatedbackpacks/]: Finished loading registry data for sophisticatedbackpacks:block_tools
[25Jun2026 15:47:48.898] [Worker-Main-4/DEBUG] [sophisticatedbackpacks/]: Started loading registry data from sophisticatedbackpacks:compat/create/block_tools 
[25Jun2026 15:47:48.898] [Worker-Main-4/DEBUG] [sophisticatedbackpacks/]: Started loading registry data from sophisticatedbackpacks:compat/refinedstorage/block_tools 
[25Jun2026 15:47:48.898] [Worker-Main-4/DEBUG] [sophisticatedbackpacks/]: Started loading registry data from sophisticatedbackpacks:compat/chiselsandbits/block_tools 
[25Jun2026 15:47:48.898] [Worker-Main-4/DEBUG] [sophisticatedbackpacks/]: Started loading registry data from sophisticatedbackpacks:compat/farmersdelight/block_tools 
[25Jun2026 15:47:48.898] [Worker-Main-4/DEBUG] [sophisticatedbackpacks/]: Started loading registry data from sophisticatedbackpacks:compat/resourcefulbees/entity_tools 
[25Jun2026 15:47:48.898] [Worker-Main-4/DEBUG] [sophisticatedbackpacks/]: Started loading registry data from sophisticatedbackpacks:compat/tetra/swords 
[25Jun2026 15:47:48.898] [Worker-Main-4/DEBUG] [sophisticatedbackpacks/]: Started loading registry data from sophisticatedbackpacks:swords 
[25Jun2026 15:47:48.898] [Worker-Main-4/DEBUG] [sophisticatedbackpacks/]: Finished loading registry data for sophisticatedbackpacks:swords
[25Jun2026 15:47:48.898] [Worker-Main-4/DEBUG] [sophisticatedbackpacks/]: Started loading registry data from sophisticatedbackpacks:compat/mythicbotany/block_tools 
[25Jun2026 15:47:48.900] [Worker-Main-4/DEBUG] [sophisticatedbackpacks/]: Started loading registry data from sophisticatedbackpacks:compat/resourcefulbees/block_tools 
[25Jun2026 15:47:48.900] [Worker-Main-4/DEBUG] [sophisticatedbackpacks/]: Started loading registry data from sophisticatedbackpacks:compat/syp/entity_tools 
[25Jun2026 15:47:48.901] [Worker-Main-4/DEBUG] [sophisticatedbackpacks/]: Started loading registry data from sophisticatedbackpacks:compat/eidolon/block_tools 
[25Jun2026 15:47:48.901] [Worker-Main-4/DEBUG] [sophisticatedbackpacks/]: Started loading registry data from sophisticatedbackpacks:compat/rftoolsbase/block_tools 
[25Jun2026 15:47:49.798] [main/INFO] [STDOUT/]: [tschipp.carryon.common.handler.ListHandler:initConfigLists:282]: [minecraft:soul_fire_base_blocks, forge:glass/gray, minecraft:campfires, forge:storage_blocks, forge:glass_panes/magenta, minecraft:infiniburn_nether, forge:glass_panes/orange, forge:glass/light_gray, forge:ores/quartz, minecraft:wooden_slabs, forge:glass/blue, minecraft:small_flowers, minecraft:wooden_trapdoors, forge:storage_blocks/netherite, forge:storage_blocks/coal, forge:glass_panes/white, forge:glass_panes/black, forge:glass/light_blue, forge:gravel, forge:glass_panes/cyan, jade:pick, forge:storage_blocks/redstone, forge:glass_panes/light_gray, minecraft:wool, forge:glass/colorless, forge:glass_panes/blue, minecraft:stairs, minecraft:logs, forge:glass_panes/light_blue, minecraft:beehives, minecraft:ice, forge:ores/netherite_scrap, minecraft:dragon_immune, minecraft:crops, forge:stained_glass, forge:glass/pink, forge:chests, forge:storage_blocks/emerald, forge:stone, forge:ores/redstone, minecraft:valid_spawn, minecraft:mushroom_grow_block, minecraft:wooden_doors, minecraft:warped_stems, minecraft:standing_signs, forge:glass/red, minecraft:infiniburn_end, forge:glass_panes/yellow, forge:glass/purple, forge:storage_blocks/iron, forge:glass_panes/brown, minecraft:crimson_stems, minecraft:needs_stone_tool, forge:glass_panes/green, carryon:block_blacklist, minecraft:prevent_mob_spawning_inside, minecraft:wart_blocks, minecraft:climbable, forge:chests/trapped, forge:fence_gates, minecraft:dark_oak_logs, minecraft:coral_plants, forge:glass_panes, minecraft:non_flammable_wood, forge:sandstone, forge:glass_panes/colorless, minecraft:beacon_base_blocks, minecraft:shulker_boxes, minecraft:anvil, minecraft:birch_logs, forge:sand, minecraft:wall_corals, forge:glass_panes/purple, forge:glass/yellow, minecraft:fences, minecraft:saplings, forge:storage_blocks/lapis, minecraft:mineable/pickaxe, minecraft:beds, forge:ores/diamond, minecraft:oak_logs, minecraft:unstable_bottom_center, forge:ores/gold, minecraft:doors, minecraft:enderman_holdable, minecraft:banners, forge:barrels, minecraft:infiniburn_overworld, minecraft:flower_pots, minecraft:wooden_fences, minecraft:piglin_repellents, forge:ores/lapis, forge:glass/black, minecraft:wall_post_override, minecraft:portals, forge:obsidian, forge:enderman_place_on_blacklist, forge:dirt, minecraft:bamboo_plantable_on, forge:fences/nether_brick, forge:glass/lime, forge:chests/wooden, forge:ores/iron, minecraft:pressure_plates, minecraft:jungle_logs, forge:chests/ender, forge:glass/white, minecraft:wooden_stairs, minecraft:spruce_logs, forge:glass_panes/red, minecraft:signs, minecraft:carpets, minecraft:base_stone_overworld, minecraft:wooden_buttons, minecraft:wither_summon_base_blocks, forge:glass/magenta, forge:fence_gates/wooden, minecraft:stone_bricks, forge:ores/coal, minecraft:hoglin_repellents, forge:storage_blocks/quartz, minecraft:fire, minecraft:mineable/axe, forge:glass/orange, forge:glass_panes/lime, minecraft:needs_diamond_tool, minecraft:base_stone_nether, minecraft:wall_signs, minecraft:slabs, carryon:block_whitelist, minecraft:guarded_by_piglins, forge:ores/emerald, minecraft:mineable/shovel, forge:sand/colorless, minecraft:trapdoors, forge:glass/cyan, minecraft:corals, minecraft:buttons, minecraft:flowers, forge:glass, minecraft:planks, forge:cobblestone, minecraft:soul_speed_blocks, minecraft:rails, forge:barrels/wooden, minecraft:leaves, minecraft:walls, minecraft:coral_blocks, minecraft:strider_warm_blocks, forge:storage_blocks/gold, forge:glass/green, minecraft:fence_gates, forge:ores, forge:glass_panes/gray, minecraft:bee_growables, minecraft:wooden_pressure_plates, minecraft:wither_immune, minecraft:acacia_logs, minecraft:tall_flowers, forge:stained_glass_panes, minecraft:underwater_bonemeals, forge:fences, minecraft:stone_pressure_plates, forge:sand/red, forge:storage_blocks/diamond, minecraft:impermeable, minecraft:sand, minecraft:nylium, forge:end_stones, minecraft:gold_ores, forge:glass/brown, forge:glass_panes/pink, minecraft:logs_that_burn, minecraft:mineable/hoe, forge:netherrack, minecraft:needs_iron_tool, forge:fences/wooden]
[25Jun2026 15:47:49.803] [main/INFO] [STDOUT/]: [tschipp.carryon.common.handler.ListHandler:initConfigLists:282]: [minecraft:soul_fire_base_blocks, forge:glass/gray, minecraft:campfires, forge:storage_blocks, forge:glass_panes/magenta, minecraft:infiniburn_nether, forge:glass_panes/orange, forge:glass/light_gray, forge:ores/quartz, minecraft:wooden_slabs, forge:glass/blue, minecraft:small_flowers, minecraft:wooden_trapdoors, forge:storage_blocks/netherite, forge:storage_blocks/coal, forge:glass_panes/white, forge:glass_panes/black, forge:glass/light_blue, forge:gravel, forge:glass_panes/cyan, jade:pick, forge:storage_blocks/redstone, forge:glass_panes/light_gray, minecraft:wool, forge:glass/colorless, forge:glass_panes/blue, minecraft:stairs, minecraft:logs, forge:glass_panes/light_blue, minecraft:beehives, minecraft:ice, forge:ores/netherite_scrap, minecraft:dragon_immune, minecraft:crops, forge:stained_glass, forge:glass/pink, forge:chests, forge:storage_blocks/emerald, forge:stone, forge:ores/redstone, minecraft:valid_spawn, minecraft:mushroom_grow_block, minecraft:wooden_doors, minecraft:warped_stems, minecraft:standing_signs, forge:glass/red, minecraft:infiniburn_end, forge:glass_panes/yellow, forge:glass/purple, forge:storage_blocks/iron, forge:glass_panes/brown, minecraft:crimson_stems, minecraft:needs_stone_tool, forge:glass_panes/green, carryon:block_blacklist, minecraft:prevent_mob_spawning_inside, minecraft:wart_blocks, minecraft:climbable, forge:chests/trapped, forge:fence_gates, minecraft:dark_oak_logs, minecraft:coral_plants, forge:glass_panes, minecraft:non_flammable_wood, forge:sandstone, forge:glass_panes/colorless, minecraft:beacon_base_blocks, minecraft:shulker_boxes, minecraft:anvil, minecraft:birch_logs, forge:sand, minecraft:wall_corals, forge:glass_panes/purple, forge:glass/yellow, minecraft:fences, minecraft:saplings, forge:storage_blocks/lapis, minecraft:mineable/pickaxe, minecraft:beds, forge:ores/diamond, minecraft:oak_logs, minecraft:unstable_bottom_center, forge:ores/gold, minecraft:doors, minecraft:enderman_holdable, minecraft:banners, forge:barrels, minecraft:infiniburn_overworld, minecraft:flower_pots, minecraft:wooden_fences, minecraft:piglin_repellents, forge:ores/lapis, forge:glass/black, minecraft:wall_post_override, minecraft:portals, forge:obsidian, forge:enderman_place_on_blacklist, forge:dirt, minecraft:bamboo_plantable_on, forge:fences/nether_brick, forge:glass/lime, forge:chests/wooden, forge:ores/iron, minecraft:pressure_plates, minecraft:jungle_logs, forge:chests/ender, forge:glass/white, minecraft:wooden_stairs, minecraft:spruce_logs, forge:glass_panes/red, minecraft:signs, minecraft:carpets, minecraft:base_stone_overworld, minecraft:wooden_buttons, minecraft:wither_summon_base_blocks, forge:glass/magenta, forge:fence_gates/wooden, minecraft:stone_bricks, forge:ores/coal, minecraft:hoglin_repellents, forge:storage_blocks/quartz, minecraft:fire, minecraft:mineable/axe, forge:glass/orange, forge:glass_panes/lime, minecraft:needs_diamond_tool, minecraft:base_stone_nether, minecraft:wall_signs, minecraft:slabs, carryon:block_whitelist, minecraft:guarded_by_piglins, forge:ores/emerald, minecraft:mineable/shovel, forge:sand/colorless, minecraft:trapdoors, forge:glass/cyan, minecraft:corals, minecraft:buttons, minecraft:flowers, forge:glass, minecraft:planks, forge:cobblestone, minecraft:soul_speed_blocks, minecraft:rails, forge:barrels/wooden, minecraft:leaves, minecraft:walls, minecraft:coral_blocks, minecraft:strider_warm_blocks, forge:storage_blocks/gold, forge:glass/green, minecraft:fence_gates, forge:ores, forge:glass_panes/gray, minecraft:bee_growables, minecraft:wooden_pressure_plates, minecraft:wither_immune, minecraft:acacia_logs, minecraft:tall_flowers, forge:stained_glass_panes, minecraft:underwater_bonemeals, forge:fences, minecraft:stone_pressure_plates, forge:sand/red, forge:storage_blocks/diamond, minecraft:impermeable, minecraft:sand, minecraft:nylium, forge:end_stones, minecraft:gold_ores, forge:glass/brown, forge:glass_panes/pink, minecraft:logs_that_burn, minecraft:mineable/hoe, forge:netherrack, minecraft:needs_iron_tool, forge:fences/wooden]
[25Jun2026 15:47:50.846] [main/DEBUG] [net.minecraftforge.fml.FMLWorldPersistenceHook/WP]: Gathering id map for writing to world save world
[25Jun2026 15:47:50.873] [main/DEBUG] [net.minecraftforge.fml.FMLWorldPersistenceHook/WP]: ID Map collection complete world
[25Jun2026 15:47:50.993] [Server thread/INFO] [net.minecraft.server.dedicated.DedicatedServer/]: Starting minecraft server version 1.16.5
[25Jun2026 15:47:50.995] [Server thread/INFO] [net.minecraft.server.dedicated.DedicatedServer/]: Loading properties
[25Jun2026 15:47:50.995] [Server thread/INFO] [net.minecraft.server.dedicated.DedicatedServer/]: Default game type: SURVIVAL
[25Jun2026 15:47:50.996] [Server thread/INFO] [net.minecraft.server.MinecraftServer/]: Generating keypair
[25Jun2026 15:47:51.437] [Server thread/INFO] [net.minecraft.server.dedicated.DedicatedServer/]: Starting Minecraft server on *:25565
[25Jun2026 15:47:51.543] [Server thread/INFO] [net.minecraft.network.NetworkSystem/]: Using epoll channel type
[25Jun2026 15:47:51.888] [Server thread/WARN] [net.minecraft.server.dedicated.DedicatedServer/]: **** SERVER IS RUNNING IN OFFLINE/INSECURE MODE!
[25Jun2026 15:47:51.889] [Server thread/WARN] [net.minecraft.server.dedicated.DedicatedServer/]: The server will make no attempt to authenticate usernames. Beware.
[25Jun2026 15:47:51.889] [Server thread/WARN] [net.minecraft.server.dedicated.DedicatedServer/]: While this makes the game possible to play without internet access, it also opens up the ability for hackers to connect with any username they choose.
[25Jun2026 15:47:51.889] [Server thread/WARN] [net.minecraft.server.dedicated.DedicatedServer/]: To change this, set "online-mode" to "true" in the server.properties file.
[25Jun2026 15:47:51.937] [Server thread/DEBUG] [net.minecraftforge.fml.loading.FileUtils/CORE]: Found existing serverconfig directory : ./world/serverconfig
[25Jun2026 15:47:51.938] [Server thread/DEBUG] [net.minecraftforge.fml.config.ConfigTracker/CONFIG]: Loading configs type SERVER
[25Jun2026 15:47:51.940] [Server thread/DEBUG] [net.minecraftforge.fml.config.ConfigFileTypeHandler/CONFIG]: Built TOML config for ./world/serverconfig/carryon-server.toml
[25Jun2026 15:47:51.941] [Server thread/DEBUG] [net.minecraftforge.fml.config.ConfigFileTypeHandler/CONFIG]: Loaded TOML config file ./world/serverconfig/carryon-server.toml
[25Jun2026 15:47:51.943] [Server thread/DEBUG] [net.minecraftforge.fml.config.ConfigFileTypeHandler/CONFIG]: Watching TOML config file ./world/serverconfig/carryon-server.toml for changes
[25Jun2026 15:47:51.944] [Server thread/INFO] [STDOUT/]: [tschipp.carryon.common.handler.ListHandler:initConfigLists:282]: [minecraft:soul_fire_base_blocks, forge:glass/gray, minecraft:campfires, forge:storage_blocks, forge:glass_panes/magenta, minecraft:infiniburn_nether, forge:glass_panes/orange, forge:glass/light_gray, forge:ores/quartz, minecraft:wooden_slabs, forge:glass/blue, minecraft:small_flowers, minecraft:wooden_trapdoors, forge:storage_blocks/netherite, forge:storage_blocks/coal, forge:glass_panes/white, forge:glass_panes/black, forge:glass/light_blue, forge:gravel, forge:glass_panes/cyan, jade:pick, forge:storage_blocks/redstone, forge:glass_panes/light_gray, minecraft:wool, forge:glass/colorless, forge:glass_panes/blue, minecraft:stairs, minecraft:logs, forge:glass_panes/light_blue, minecraft:beehives, minecraft:ice, forge:ores/netherite_scrap, minecraft:dragon_immune, minecraft:crops, forge:stained_glass, forge:glass/pink, forge:chests, forge:storage_blocks/emerald, forge:stone, forge:ores/redstone, minecraft:valid_spawn, minecraft:mushroom_grow_block, minecraft:wooden_doors, minecraft:warped_stems, minecraft:standing_signs, forge:glass/red, minecraft:infiniburn_end, forge:glass_panes/yellow, forge:glass/purple, forge:storage_blocks/iron, forge:glass_panes/brown, minecraft:crimson_stems, minecraft:needs_stone_tool, forge:glass_panes/green, carryon:block_blacklist, minecraft:prevent_mob_spawning_inside, minecraft:wart_blocks, minecraft:climbable, forge:chests/trapped, forge:fence_gates, minecraft:dark_oak_logs, minecraft:coral_plants, forge:glass_panes, minecraft:non_flammable_wood, forge:sandstone, forge:glass_panes/colorless, minecraft:beacon_base_blocks, minecraft:shulker_boxes, minecraft:anvil, minecraft:birch_logs, forge:sand, minecraft:wall_corals, forge:glass_panes/purple, forge:glass/yellow, minecraft:fences, minecraft:saplings, forge:storage_blocks/lapis, minecraft:mineable/pickaxe, minecraft:beds, forge:ores/diamond, minecraft:oak_logs, minecraft:unstable_bottom_center, forge:ores/gold, minecraft:doors, minecraft:enderman_holdable, minecraft:banners, forge:barrels, minecraft:infiniburn_overworld, minecraft:flower_pots, minecraft:wooden_fences, minecraft:piglin_repellents, forge:ores/lapis, forge:glass/black, minecraft:wall_post_override, minecraft:portals, forge:obsidian, forge:enderman_place_on_blacklist, forge:dirt, minecraft:bamboo_plantable_on, forge:fences/nether_brick, forge:glass/lime, forge:chests/wooden, forge:ores/iron, minecraft:pressure_plates, minecraft:jungle_logs, forge:chests/ender, forge:glass/white, minecraft:wooden_stairs, minecraft:spruce_logs, forge:glass_panes/red, minecraft:signs, minecraft:carpets, minecraft:base_stone_overworld, minecraft:wooden_buttons, minecraft:wither_summon_base_blocks, forge:glass/magenta, forge:fence_gates/wooden, minecraft:stone_bricks, forge:ores/coal, minecraft:hoglin_repellents, forge:storage_blocks/quartz, minecraft:fire, minecraft:mineable/axe, forge:glass/orange, forge:glass_panes/lime, minecraft:needs_diamond_tool, minecraft:base_stone_nether, minecraft:wall_signs, minecraft:slabs, carryon:block_whitelist, minecraft:guarded_by_piglins, forge:ores/emerald, minecraft:mineable/shovel, forge:sand/colorless, minecraft:trapdoors, forge:glass/cyan, minecraft:corals, minecraft:buttons, minecraft:flowers, forge:glass, minecraft:planks, forge:cobblestone, minecraft:soul_speed_blocks, minecraft:rails, forge:barrels/wooden, minecraft:leaves, minecraft:walls, minecraft:coral_blocks, minecraft:strider_warm_blocks, forge:storage_blocks/gold, forge:glass/green, minecraft:fence_gates, forge:ores, forge:glass_panes/gray, minecraft:bee_growables, minecraft:wooden_pressure_plates, minecraft:wither_immune, minecraft:acacia_logs, minecraft:tall_flowers, forge:stained_glass_panes, minecraft:underwater_bonemeals, forge:fences, minecraft:stone_pressure_plates, forge:sand/red, forge:storage_blocks/diamond, minecraft:impermeable, minecraft:sand, minecraft:nylium, forge:end_stones, minecraft:gold_ores, forge:glass/brown, forge:glass_panes/pink, minecraft:logs_that_burn, minecraft:mineable/hoe, forge:netherrack, minecraft:needs_iron_tool, forge:fences/wooden]
[25Jun2026 15:47:51.952] [Server thread/DEBUG] [net.minecraftforge.fml.config.ConfigFileTypeHandler/CONFIG]: Built TOML config for ./world/serverconfig/curios-server.toml
[25Jun2026 15:47:51.952] [Server thread/DEBUG] [net.minecraftforge.fml.config.ConfigFileTypeHandler/CONFIG]: Loaded TOML config file ./world/serverconfig/curios-server.toml
[25Jun2026 15:47:51.953] [Server thread/DEBUG] [net.minecraftforge.fml.config.ConfigFileTypeHandler/CONFIG]: Watching TOML config file ./world/serverconfig/curios-server.toml for changes
[25Jun2026 15:47:51.979] [Thread-0/DEBUG] [net.minecraftforge.fml.config.ConfigFileTypeHandler/CONFIG]: Config file curios-server.toml changed, sending notifies
[25Jun2026 15:47:51.984] [Server thread/DEBUG] [net.minecraftforge.fml.config.ConfigFileTypeHandler/CONFIG]: Built TOML config for ./world/serverconfig/forge-server.toml
[25Jun2026 15:47:51.985] [Server thread/DEBUG] [net.minecraftforge.fml.config.ConfigFileTypeHandler/CONFIG]: Loaded TOML config file ./world/serverconfig/forge-server.toml
[25Jun2026 15:47:51.985] [Server thread/DEBUG] [net.minecraftforge.fml.config.ConfigFileTypeHandler/CONFIG]: Watching TOML config file ./world/serverconfig/forge-server.toml for changes
[25Jun2026 15:47:51.987] [Server thread/DEBUG] [net.minecraftforge.common.ForgeConfig/FORGEMOD]: Loaded forge config file forge-server.toml
[25Jun2026 15:47:51.988] [Server thread/DEBUG] [net.minecraftforge.fml.config.ConfigFileTypeHandler/CONFIG]: Built TOML config for ./world/serverconfig/journeymap-server.toml
[25Jun2026 15:47:51.993] [Server thread/DEBUG] [net.minecraftforge.fml.config.ConfigFileTypeHandler/CONFIG]: Loaded TOML config file ./world/serverconfig/journeymap-server.toml
[25Jun2026 15:47:51.989] [Thread-0/DEBUG] [net.minecraftforge.fml.config.ConfigFileTypeHandler/CONFIG]: Config file curios-server.toml changed, sending notifies
[25Jun2026 15:47:51.997] [Server thread/DEBUG] [net.minecraftforge.fml.config.ConfigFileTypeHandler/CONFIG]: Watching TOML config file ./world/serverconfig/journeymap-server.toml for changes
[25Jun2026 15:47:51.998] [Server thread/INFO] [journeymap/]: Loading JourneyMap Forge Configs
[25Jun2026 15:47:52.000] [Thread-0/DEBUG] [net.minecraftforge.fml.config.ConfigFileTypeHandler/CONFIG]: Config file forge-server.toml changed, sending notifies
[25Jun2026 15:47:52.000] [Thread-0/DEBUG] [net.minecraftforge.common.ForgeConfig/FORGEMOD]: Forge config just got changed on the file system!
[25Jun2026 15:47:52.003] [Thread-0/DEBUG] [net.minecraftforge.fml.config.ConfigFileTypeHandler/CONFIG]: Config file journeymap-server.toml changed, sending notifies
[25Jun2026 15:47:52.003] [Thread-0/INFO] [journeymap/]: Loading JourneyMap Forge Configs
[25Jun2026 15:47:52.004] [Server thread/DEBUG] [net.minecraftforge.fml.config.ConfigFileTypeHandler/CONFIG]: Built TOML config for /workspaces/server-pa-juegar/servidor_minecraft/config/waystones-server.toml
[25Jun2026 15:47:52.005] [Server thread/DEBUG] [net.minecraftforge.fml.config.ConfigFileTypeHandler/CONFIG]: Loaded TOML config file /workspaces/server-pa-juegar/servidor_minecraft/config/waystones-server.toml
[25Jun2026 15:47:52.006] [Server thread/DEBUG] [net.minecraftforge.fml.config.ConfigFileTypeHandler/CONFIG]: Watching TOML config file /workspaces/server-pa-juegar/servidor_minecraft/config/waystones-server.toml for changes
[25Jun2026 15:47:52.007] [Thread-0/DEBUG] [net.minecraftforge.fml.config.ConfigFileTypeHandler/CONFIG]: Config file journeymap-server.toml changed, sending notifies
[25Jun2026 15:47:52.007] [Thread-0/INFO] [journeymap/]: Loading JourneyMap Forge Configs
[25Jun2026 15:47:52.008] [Thread-0/DEBUG] [net.minecraftforge.fml.config.ConfigFileTypeHandler/CONFIG]: Config file /workspaces/server-pa-juegar/servidor_minecraft/config/waystones-server.toml changed, sending notifies
[25Jun2026 15:47:52.011] [Server thread/DEBUG] [net.minecraftforge.fml.config.ConfigFileTypeHandler/CONFIG]: Built TOML config for ./world/serverconfig/jei-server.toml
[25Jun2026 15:47:52.012] [Thread-0/DEBUG] [net.minecraftforge.fml.config.ConfigFileTypeHandler/CONFIG]: Config file /workspaces/server-pa-juegar/servidor_minecraft/config/waystones-server.toml changed, sending notifies
[25Jun2026 15:47:52.012] [Server thread/DEBUG] [net.minecraftforge.fml.config.ConfigFileTypeHandler/CONFIG]: Loaded TOML config file ./world/serverconfig/jei-server.toml
[25Jun2026 15:47:52.012] [Server thread/DEBUG] [net.minecraftforge.fml.config.ConfigFileTypeHandler/CONFIG]: Watching TOML config file ./world/serverconfig/jei-server.toml for changes
[25Jun2026 15:47:52.014] [Thread-0/DEBUG] [net.minecraftforge.fml.config.ConfigFileTypeHandler/CONFIG]: Config file jei-server.toml changed, sending notifies
[25Jun2026 15:47:52.023] [Thread-0/DEBUG] [net.minecraftforge.fml.config.ConfigFileTypeHandler/CONFIG]: Config file jei-server.toml changed, sending notifies
[25Jun2026 15:47:52.041] [Server thread/INFO] [net.minecraft.server.dedicated.DedicatedServer/]: Preparing level "world"
[25Jun2026 15:47:52.222] [Server thread/INFO] [net.minecraft.server.MinecraftServer/]: Preparing start region for dimension minecraft:overworld
[25Jun2026 15:47:54.556] [Server thread/INFO] [net.minecraft.world.chunk.listener.LoggingChunkStatusListener/]: Preparing spawn area: 0%
[25Jun2026 15:47:54.560] [Server thread/INFO] [net.minecraft.world.chunk.listener.LoggingChunkStatusListener/]: Preparing spawn area: 0%
[25Jun2026 15:47:54.560] [Server thread/INFO] [net.minecraft.world.chunk.listener.LoggingChunkStatusListener/]: Preparing spawn area: 0%
[25Jun2026 15:47:54.561] [Server thread/INFO] [net.minecraft.world.chunk.listener.LoggingChunkStatusListener/]: Preparing spawn area: 0%
[25Jun2026 15:47:54.565] [Server thread/INFO] [net.minecraft.world.chunk.listener.LoggingChunkStatusListener/]: Preparing spawn area: 0%
[25Jun2026 15:47:54.975] [Server thread/INFO] [net.minecraft.world.chunk.listener.LoggingChunkStatusListener/]: Preparing spawn area: 0%
[25Jun2026 15:47:55.463] [Server thread/INFO] [net.minecraft.world.chunk.listener.LoggingChunkStatusListener/]: Preparing spawn area: 17%
[25Jun2026 15:47:59.510] [Worker-Main-6/INFO] [net.minecraft.world.chunk.listener.LoggingChunkStatusListener/]: Preparing spawn area: 83%
[25Jun2026 15:47:59.536] [Worker-Main-4/INFO] [net.minecraft.world.chunk.listener.LoggingChunkStatusListener/]: Preparing spawn area: 83%
[25Jun2026 15:47:59.543] [Worker-Main-5/INFO] [net.minecraft.world.chunk.listener.LoggingChunkStatusListener/]: Preparing spawn area: 83%
[25Jun2026 15:47:59.556] [Worker-Main-5/INFO] [net.minecraft.world.chunk.listener.LoggingChunkStatusListener/]: Preparing spawn area: 83%
[25Jun2026 15:47:59.557] [Worker-Main-4/INFO] [net.minecraft.world.chunk.listener.LoggingChunkStatusListener/]: Preparing spawn area: 83%
[25Jun2026 15:47:59.559] [Worker-Main-5/INFO] [net.minecraft.world.chunk.listener.LoggingChunkStatusListener/]: Preparing spawn area: 83%
[25Jun2026 15:47:59.561] [Worker-Main-4/INFO] [net.minecraft.world.chunk.listener.LoggingChunkStatusListener/]: Preparing spawn area: 83%
[25Jun2026 15:47:59.562] [Worker-Main-5/INFO] [net.minecraft.world.chunk.listener.LoggingChunkStatusListener/]: Preparing spawn area: 83%
[25Jun2026 15:47:59.706] [Worker-Main-5/DEBUG] [mixin/]: Mixing JigsawManagerAssemblerMixin from mixins.waystones.json into net.minecraft.world.gen.feature.jigsaw.JigsawManager$Assembler
[25Jun2026 15:47:59.707] [Worker-Main-5/DEBUG] [mixin/]: Renaming synthetic method lambda$getShuffledPieces$2(Lnet/minecraft/world/gen/feature/jigsaw/JigsawPiece;)Z to md2e5ac6$lambda$getShuffledPieces$2$0 in mixins.waystones.json:JigsawManagerAssemblerMixin
[25Jun2026 15:47:59.707] [Worker-Main-5/DEBUG] [mixin/]: Renaming synthetic method lambda$getShuffledPieces$1(Ljava/lang/String;)Z to md2e5ac6$lambda$getShuffledPieces$1$1 in mixins.waystones.json:JigsawManagerAssemblerMixin
[25Jun2026 15:47:59.707] [Worker-Main-5/DEBUG] [mixin/]: Renaming synthetic method lambda$getShuffledPieces$0(Ljava/lang/Object;)Ljava/lang/String; to md2e5ac6$lambda$getShuffledPieces$0$2 in mixins.waystones.json:JigsawManagerAssemblerMixin
[25Jun2026 15:48:00.267] [Worker-Main-5/INFO] [net.minecraft.world.chunk.listener.LoggingChunkStatusListener/]: Preparing spawn area: 83%
[25Jun2026 15:48:00.268] [Worker-Main-5/INFO] [net.minecraft.world.chunk.listener.LoggingChunkStatusListener/]: Preparing spawn area: 83%
[25Jun2026 15:48:01.949] [Worker-Main-5/INFO] [net.minecraft.world.chunk.listener.LoggingChunkStatusListener/]: Preparing spawn area: 83%
[25Jun2026 15:48:01.951] [Worker-Main-4/INFO] [net.minecraft.world.chunk.listener.LoggingChunkStatusListener/]: Preparing spawn area: 83%
[25Jun2026 15:48:01.952] [Worker-Main-6/INFO] [net.minecraft.world.chunk.listener.LoggingChunkStatusListener/]: Preparing spawn area: 83%
[25Jun2026 15:48:02.230] [Worker-Main-6/INFO] [net.minecraft.world.chunk.listener.LoggingChunkStatusListener/]: Preparing spawn area: 83%
[25Jun2026 15:48:02.916] [Worker-Main-5/INFO] [net.minecraft.world.chunk.listener.LoggingChunkStatusListener/]: Preparing spawn area: 83%
[25Jun2026 15:48:03.236] [Worker-Main-4/INFO] [net.minecraft.world.chunk.listener.LoggingChunkStatusListener/]: Preparing spawn area: 83%
[25Jun2026 15:48:03.728] [Worker-Main-6/INFO] [net.minecraft.world.chunk.listener.LoggingChunkStatusListener/]: Preparing spawn area: 83%
[25Jun2026 15:48:04.247] [Worker-Main-6/INFO] [net.minecraft.world.chunk.listener.LoggingChunkStatusListener/]: Preparing spawn area: 83%
[25Jun2026 15:48:04.730] [Worker-Main-6/INFO] [net.minecraft.world.chunk.listener.LoggingChunkStatusListener/]: Preparing spawn area: 83%
[25Jun2026 15:48:05.271] [Worker-Main-6/INFO] [net.minecraft.world.chunk.listener.LoggingChunkStatusListener/]: Preparing spawn area: 83%
[25Jun2026 15:48:05.730] [Worker-Main-6/INFO] [net.minecraft.world.chunk.listener.LoggingChunkStatusListener/]: Preparing spawn area: 83%
[25Jun2026 15:48:06.234] [Worker-Main-4/INFO] [net.minecraft.world.chunk.listener.LoggingChunkStatusListener/]: Preparing spawn area: 84%
[25Jun2026 15:48:06.727] [Worker-Main-5/INFO] [net.minecraft.world.chunk.listener.LoggingChunkStatusListener/]: Preparing spawn area: 87%
[25Jun2026 15:48:07.230] [Server thread/INFO] [net.minecraft.world.chunk.listener.LoggingChunkStatusListener/]: Preparing spawn area: 88%
[25Jun2026 15:48:07.737] [Worker-Main-4/INFO] [net.minecraft.world.chunk.listener.LoggingChunkStatusListener/]: Preparing spawn area: 92%
[25Jun2026 15:48:08.226] [Worker-Main-5/INFO] [net.minecraft.world.chunk.listener.LoggingChunkStatusListener/]: Preparing spawn area: 95%
[25Jun2026 15:48:08.603] [Server thread/INFO] [net.minecraft.world.chunk.listener.LoggingChunkStatusListener/]: Time elapsed: 16377 ms
[25Jun2026 15:48:08.604] [Server thread/INFO] [net.minecraft.server.dedicated.DedicatedServer/]: Done (16.674s)! For help, type "help"
[25Jun2026 15:48:08.619] [Server thread/DEBUG] [net.minecraftforge.fml.ForgeI18n/CORE]: Loading I18N data entries: 1776
[25Jun2026 15:48:20.590] [Netty Epoll Server IO #1/DEBUG] [net.minecraftforge.coremod.transformer.CoreModBaseTransformer/COREMOD]: Transforming net/minecraft/network/play/client/CClientSettingsPacket
[25Jun2026 15:48:22.174] [Netty Epoll Server IO #2/DEBUG] [net.minecraftforge.fml.network.FMLHandshakeHandler/FMLHANDSHAKE]: Starting new modded network connection. Found 23 messages to dispatch.
[25Jun2026 15:48:22.285] [Server thread/DEBUG] [net.minecraftforge.fml.network.FMLHandshakeHandler/FMLHANDSHAKE]: Sending ticking packet info 'net.minecraftforge.fml.network.FMLHandshakeMessages$S2CModList' to 'fml:handshake' sequence 0
[25Jun2026 15:48:22.343] [Server thread/DEBUG] [net.minecraftforge.fml.network.FMLHandshakeHandler/FMLHANDSHAKE]: Sending ticking packet info 'Registry minecraft:recipe_serializer' to 'fml:handshake' sequence 1
[25Jun2026 15:48:22.389] [Server thread/DEBUG] [net.minecraftforge.fml.network.FMLHandshakeHandler/FMLHANDSHAKE]: Sending ticking packet info 'Registry minecraft:sound_event' to 'fml:handshake' sequence 2
[25Jun2026 15:48:22.441] [Server thread/DEBUG] [net.minecraftforge.fml.network.FMLHandshakeHandler/FMLHANDSHAKE]: Sending ticking packet info 'Registry minecraft:particle_type' to 'fml:handshake' sequence 3
[25Jun2026 15:48:22.490] [Server thread/DEBUG] [net.minecraftforge.fml.network.FMLHandshakeHandler/FMLHANDSHAKE]: Sending ticking packet info 'Registry minecraft:villager_profession' to 'fml:handshake' sequence 4
[25Jun2026 15:48:22.541] [Server thread/DEBUG] [net.minecraftforge.fml.network.FMLHandshakeHandler/FMLHANDSHAKE]: Sending ticking packet info 'Registry minecraft:item' to 'fml:handshake' sequence 5
[25Jun2026 15:48:22.584] [Server thread/DEBUG] [net.minecraftforge.fml.network.FMLHandshakeHandler/FMLHANDSHAKE]: Sending ticking packet info 'Registry minecraft:potion' to 'fml:handshake' sequence 6
[25Jun2026 15:48:22.640] [Server thread/DEBUG] [net.minecraftforge.fml.network.FMLHandshakeHandler/FMLHANDSHAKE]: Sending ticking packet info 'Registry minecraft:block_entity_type' to 'fml:handshake' sequence 7
[25Jun2026 15:48:22.691] [Server thread/DEBUG] [net.minecraftforge.fml.network.FMLHandshakeHandler/FMLHANDSHAKE]: Sending ticking packet info 'Registry minecraft:block' to 'fml:handshake' sequence 8
[25Jun2026 15:48:22.742] [Server thread/DEBUG] [net.minecraftforge.fml.network.FMLHandshakeHandler/FMLHANDSHAKE]: Sending ticking packet info 'Registry minecraft:data_serializers' to 'fml:handshake' sequence 9
[25Jun2026 15:48:22.746] [Netty Epoll Server IO #2/DEBUG] [net.minecraftforge.fml.network.FMLLoginWrapper/FMLHANDSHAKE]: Recieved login wrapper packet event for channel fml:handshake with index 0
[25Jun2026 15:48:22.752] [Netty Epoll Server IO #2/DEBUG] [net.minecraftforge.fml.network.FMLHandshakeHandler/FMLHANDSHAKE]: Received client indexed reply 0 of type net.minecraftforge.fml.network.FMLHandshakeMessages$C2SModListReply
[25Jun2026 15:48:22.752] [Netty Epoll Server IO #2/DEBUG] [net.minecraftforge.fml.network.FMLHandshakeHandler/FMLHANDSHAKE]: Received client connection with modlist [minecraft, supermartijn642configlib, sophisticatedbackpacks, jade, waila, jei, supermartijn642corelib, chunkloaders, carryon, fallingtree, goblintraders, forge, curios, waystones, journeymap, dungeons_arise]
[25Jun2026 15:48:22.753] [Netty Epoll Server IO #2/DEBUG] [net.minecraftforge.fml.network.NetworkRegistry/NETREGISTRY]: Channel 'fml:loginwrapper' : Version test of 'FML2' from client : ACCEPTED
[25Jun2026 15:48:22.753] [Netty Epoll Server IO #2/DEBUG] [net.minecraftforge.fml.network.NetworkRegistry/NETREGISTRY]: Channel 'journeymap:channel' : Version test of '5.8.6' from client : ACCEPTED
[25Jun2026 15:48:22.754] [Netty Epoll Server IO #2/DEBUG] [net.minecraftforge.fml.network.NetworkRegistry/NETREGISTRY]: Channel 'supermartijn642configlib:sync_configs' : Version test of '1.1.8' from client : ACCEPTED
[25Jun2026 15:48:22.754] [Netty Epoll Server IO #2/DEBUG] [net.minecraftforge.fml.network.NetworkRegistry/NETREGISTRY]: Channel 'chunkloaders:main' : Version test of '1' from client : ACCEPTED
[25Jun2026 15:48:22.754] [Netty Epoll Server IO #2/DEBUG] [net.minecraftforge.fml.network.NetworkRegistry/NETREGISTRY]: Channel 'jei:channel' : Version test of '1.0.0' from client : ACCEPTED
[25Jun2026 15:48:22.754] [Netty Epoll Server IO #2/DEBUG] [net.minecraftforge.fml.network.NetworkRegistry/NETREGISTRY]: Channel 'carryon:carryonpackets' : Version test of '1.15.6.24' from client : ACCEPTED
[25Jun2026 15:48:22.754] [Netty Epoll Server IO #2/DEBUG] [net.minecraftforge.fml.network.NetworkRegistry/NETREGISTRY]: Channel 'minecraft:unregister' : Version test of 'FML2' from client : ACCEPTED
[25Jun2026 15:48:22.754] [Netty Epoll Server IO #2/DEBUG] [net.minecraftforge.fml.network.NetworkRegistry/NETREGISTRY]: Channel 'fml:play' : Version test of 'FML2' from client : ACCEPTED
[25Jun2026 15:48:22.754] [Netty Epoll Server IO #2/DEBUG] [net.minecraftforge.fml.network.NetworkRegistry/NETREGISTRY]: Channel 'sophisticatedbackpacks:channel' : Version test of '1' from client : ACCEPTED
[25Jun2026 15:48:22.754] [Netty Epoll Server IO #2/DEBUG] [net.minecraftforge.fml.network.NetworkRegistry/NETREGISTRY]: Channel 'journeymap:version' : Version test of '1' from client : ACCEPTED
[25Jun2026 15:48:22.754] [Netty Epoll Server IO #2/DEBUG] [net.minecraftforge.fml.network.NetworkRegistry/NETREGISTRY]: Channel 'fml:handshake' : Version test of 'FML2' from client : ACCEPTED
[25Jun2026 15:48:22.754] [Netty Epoll Server IO #2/DEBUG] [net.minecraftforge.fml.network.NetworkRegistry/NETREGISTRY]: Channel 'forge:split_11' : Version test of '1.1' from client : ACCEPTED
[25Jun2026 15:48:22.754] [Netty Epoll Server IO #2/DEBUG] [net.minecraftforge.fml.network.NetworkRegistry/NETREGISTRY]: Channel 'curios:main' : Version test of '1' from client : ACCEPTED
[25Jun2026 15:48:22.754] [Netty Epoll Server IO #2/DEBUG] [net.minecraftforge.fml.network.NetworkRegistry/NETREGISTRY]: Channel 'waila:networking' : Version test of '1.0.0' from client : ACCEPTED
[25Jun2026 15:48:22.754] [Netty Epoll Server IO #2/DEBUG] [net.minecraftforge.fml.network.NetworkRegistry/NETREGISTRY]: Channel 'journeymap:common' : Version test of '5.8.6' from client : ACCEPTED
[25Jun2026 15:48:22.754] [Netty Epoll Server IO #2/DEBUG] [net.minecraftforge.fml.network.NetworkRegistry/NETREGISTRY]: Channel 'worldinfo:world_id' : Version test of '1' from client : ACCEPTED
[25Jun2026 15:48:22.754] [Netty Epoll Server IO #2/DEBUG] [net.minecraftforge.fml.network.NetworkRegistry/NETREGISTRY]: Channel 'minecraft:register' : Version test of 'FML2' from client : ACCEPTED
[25Jun2026 15:48:22.754] [Netty Epoll Server IO #2/DEBUG] [net.minecraftforge.fml.network.NetworkRegistry/NETREGISTRY]: Channel 'forge:split' : Version test of '1.0' from client : ACCEPTED
[25Jun2026 15:48:22.754] [Netty Epoll Server IO #2/DEBUG] [net.minecraftforge.fml.network.NetworkRegistry/NETREGISTRY]: Channel 'waystones:network' : Version test of '1.0' from client : ACCEPTED
[25Jun2026 15:48:22.754] [Netty Epoll Server IO #2/DEBUG] [net.minecraftforge.fml.network.NetworkRegistry/NETREGISTRY]: Channel 'journeymap:waypoint' : Version test of '1' from client : ACCEPTED
[25Jun2026 15:48:22.754] [Netty Epoll Server IO #2/DEBUG] [net.minecraftforge.fml.network.NetworkRegistry/NETREGISTRY]: Accepting channel list from client
[25Jun2026 15:48:22.755] [Netty Epoll Server IO #2/DEBUG] [net.minecraftforge.fml.network.FMLHandshakeHandler/FMLHANDSHAKE]: Accepted client connection mod list
[25Jun2026 15:48:22.789] [Netty Epoll Server IO #2/DEBUG] [net.minecraftforge.fml.network.FMLLoginWrapper/FMLHANDSHAKE]: Recieved login wrapper packet event for channel fml:handshake with index 1
[25Jun2026 15:48:22.790] [Netty Epoll Server IO #2/DEBUG] [net.minecraftforge.fml.network.FMLHandshakeHandler/FMLHANDSHAKE]: Received client indexed reply 1 of type net.minecraftforge.fml.network.FMLHandshakeMessages$C2SAcknowledge
[25Jun2026 15:48:22.790] [Netty Epoll Server IO #2/DEBUG] [net.minecraftforge.fml.network.FMLHandshakeHandler/FMLHANDSHAKE]: Received acknowledgement from client
[25Jun2026 15:48:22.791] [Server thread/DEBUG] [net.minecraftforge.fml.network.FMLHandshakeHandler/FMLHANDSHAKE]: Sending ticking packet info 'Registry minecraft:mob_effect' to 'fml:handshake' sequence 10
[25Jun2026 15:48:22.829] [Netty Epoll Server IO #2/DEBUG] [net.minecraftforge.fml.network.FMLLoginWrapper/FMLHANDSHAKE]: Recieved login wrapper packet event for channel fml:handshake with index 2
[25Jun2026 15:48:22.829] [Netty Epoll Server IO #2/DEBUG] [net.minecraftforge.fml.network.FMLHandshakeHandler/FMLHANDSHAKE]: Received client indexed reply 2 of type net.minecraftforge.fml.network.FMLHandshakeMessages$C2SAcknowledge
[25Jun2026 15:48:22.829] [Netty Epoll Server IO #2/DEBUG] [net.minecraftforge.fml.network.FMLHandshakeHandler/FMLHANDSHAKE]: Received acknowledgement from client
[25Jun2026 15:48:22.840] [Server thread/DEBUG] [net.minecraftforge.fml.network.FMLHandshakeHandler/FMLHANDSHAKE]: Sending ticking packet info 'Registry minecraft:stat_type' to 'fml:handshake' sequence 11
[25Jun2026 15:48:22.844] [Netty Epoll Server IO #2/DEBUG] [net.minecraftforge.fml.network.FMLLoginWrapper/FMLHANDSHAKE]: Recieved login wrapper packet event for channel fml:handshake with index 3
[25Jun2026 15:48:22.844] [Netty Epoll Server IO #2/DEBUG] [net.minecraftforge.fml.network.FMLHandshakeHandler/FMLHANDSHAKE]: Received client indexed reply 3 of type net.minecraftforge.fml.network.FMLHandshakeMessages$C2SAcknowledge
[25Jun2026 15:48:22.844] [Netty Epoll Server IO #2/DEBUG] [net.minecraftforge.fml.network.FMLHandshakeHandler/FMLHANDSHAKE]: Received acknowledgement from client
[25Jun2026 15:48:22.844] [Netty Epoll Server IO #2/DEBUG] [net.minecraftforge.fml.network.FMLLoginWrapper/FMLHANDSHAKE]: Recieved login wrapper packet event for channel fml:handshake with index 4
[25Jun2026 15:48:22.844] [Netty Epoll Server IO #2/DEBUG] [net.minecraftforge.fml.network.FMLHandshakeHandler/FMLHANDSHAKE]: Received client indexed reply 4 of type net.minecraftforge.fml.network.FMLHandshakeMessages$C2SAcknowledge
[25Jun2026 15:48:22.844] [Netty Epoll Server IO #2/DEBUG] [net.minecraftforge.fml.network.FMLHandshakeHandler/FMLHANDSHAKE]: Received acknowledgement from client
[25Jun2026 15:48:22.885] [Netty Epoll Server IO #2/DEBUG] [net.minecraftforge.fml.network.FMLLoginWrapper/FMLHANDSHAKE]: Recieved login wrapper packet event for channel fml:handshake with index 5
[25Jun2026 15:48:22.887] [Netty Epoll Server IO #2/DEBUG] [net.minecraftforge.fml.network.FMLHandshakeHandler/FMLHANDSHAKE]: Received client indexed reply 5 of type net.minecraftforge.fml.network.FMLHandshakeMessages$C2SAcknowledge
[25Jun2026 15:48:22.887] [Netty Epoll Server IO #2/DEBUG] [net.minecraftforge.fml.network.FMLHandshakeHandler/FMLHANDSHAKE]: Received acknowledgement from client
[25Jun2026 15:48:22.888] [Netty Epoll Server IO #2/DEBUG] [net.minecraftforge.fml.network.FMLLoginWrapper/FMLHANDSHAKE]: Recieved login wrapper packet event for channel fml:handshake with index 6
[25Jun2026 15:48:22.888] [Netty Epoll Server IO #2/DEBUG] [net.minecraftforge.fml.network.FMLHandshakeHandler/FMLHANDSHAKE]: Received client indexed reply 6 of type net.minecraftforge.fml.network.FMLHandshakeMessages$C2SAcknowledge
[25Jun2026 15:48:22.888] [Netty Epoll Server IO #2/DEBUG] [net.minecraftforge.fml.network.FMLHandshakeHandler/FMLHANDSHAKE]: Received acknowledgement from client
[25Jun2026 15:48:22.888] [Netty Epoll Server IO #2/DEBUG] [net.minecraftforge.fml.network.FMLLoginWrapper/FMLHANDSHAKE]: Recieved login wrapper packet event for channel fml:handshake with index 7
[25Jun2026 15:48:22.888] [Netty Epoll Server IO #2/DEBUG] [net.minecraftforge.fml.network.FMLHandshakeHandler/FMLHANDSHAKE]: Received client indexed reply 7 of type net.minecraftforge.fml.network.FMLHandshakeMessages$C2SAcknowledge
[25Jun2026 15:48:22.888] [Netty Epoll Server IO #2/DEBUG] [net.minecraftforge.fml.network.FMLHandshakeHandler/FMLHANDSHAKE]: Received acknowledgement from client
[25Jun2026 15:48:22.890] [Server thread/DEBUG] [net.minecraftforge.fml.network.FMLHandshakeHandler/FMLHANDSHAKE]: Sending ticking packet info 'Registry minecraft:menu' to 'fml:handshake' sequence 12
[25Jun2026 15:48:22.942] [Server thread/DEBUG] [net.minecraftforge.fml.network.FMLHandshakeHandler/FMLHANDSHAKE]: Sending ticking packet info 'Registry minecraft:enchantment' to 'fml:handshake' sequence 13
[25Jun2026 15:48:22.959] [Netty Epoll Server IO #2/DEBUG] [net.minecraftforge.fml.network.FMLLoginWrapper/FMLHANDSHAKE]: Recieved login wrapper packet event for channel fml:handshake with index 8
[25Jun2026 15:48:22.959] [Netty Epoll Server IO #2/DEBUG] [net.minecraftforge.fml.network.FMLHandshakeHandler/FMLHANDSHAKE]: Received client indexed reply 8 of type net.minecraftforge.fml.network.FMLHandshakeMessages$C2SAcknowledge
[25Jun2026 15:48:22.959] [Netty Epoll Server IO #2/DEBUG] [net.minecraftforge.fml.network.FMLHandshakeHandler/FMLHANDSHAKE]: Received acknowledgement from client
[25Jun2026 15:48:22.986] [Server thread/DEBUG] [net.minecraftforge.fml.network.FMLHandshakeHandler/FMLHANDSHAKE]: Sending ticking packet info 'Registry minecraft:motive' to 'fml:handshake' sequence 14
[25Jun2026 15:48:22.988] [Netty Epoll Server IO #2/DEBUG] [net.minecraftforge.fml.network.FMLLoginWrapper/FMLHANDSHAKE]: Recieved login wrapper packet event for channel fml:handshake with index 9
[25Jun2026 15:48:22.989] [Netty Epoll Server IO #2/DEBUG] [net.minecraftforge.fml.network.FMLHandshakeHandler/FMLHANDSHAKE]: Received client indexed reply 9 of type net.minecraftforge.fml.network.FMLHandshakeMessages$C2SAcknowledge
[25Jun2026 15:48:22.989] [Netty Epoll Server IO #2/DEBUG] [net.minecraftforge.fml.network.FMLHandshakeHandler/FMLHANDSHAKE]: Received acknowledgement from client
[25Jun2026 15:48:22.991] [Netty Epoll Server IO #2/DEBUG] [net.minecraftforge.fml.network.FMLLoginWrapper/FMLHANDSHAKE]: Recieved login wrapper packet event for channel fml:handshake with index 10
[25Jun2026 15:48:22.991] [Netty Epoll Server IO #2/DEBUG] [net.minecraftforge.fml.network.FMLHandshakeHandler/FMLHANDSHAKE]: Received client indexed reply 10 of type net.minecraftforge.fml.network.FMLHandshakeMessages$C2SAcknowledge
[25Jun2026 15:48:22.991] [Netty Epoll Server IO #2/DEBUG] [net.minecraftforge.fml.network.FMLHandshakeHandler/FMLHANDSHAKE]: Received acknowledgement from client
[25Jun2026 15:48:23.035] [Server thread/DEBUG] [net.minecraftforge.fml.network.FMLHandshakeHandler/FMLHANDSHAKE]: Sending ticking packet info 'Registry minecraft:fluid' to 'fml:handshake' sequence 15
[25Jun2026 15:48:23.092] [Netty Epoll Server IO #2/DEBUG] [net.minecraftforge.fml.network.FMLLoginWrapper/FMLHANDSHAKE]: Recieved login wrapper packet event for channel fml:handshake with index 11
[25Jun2026 15:48:23.093] [Netty Epoll Server IO #2/DEBUG] [net.minecraftforge.fml.network.FMLHandshakeHandler/FMLHANDSHAKE]: Received client indexed reply 11 of type net.minecraftforge.fml.network.FMLHandshakeMessages$C2SAcknowledge
[25Jun2026 15:48:23.095] [Netty Epoll Server IO #2/DEBUG] [net.minecraftforge.fml.network.FMLHandshakeHandler/FMLHANDSHAKE]: Received acknowledgement from client
[25Jun2026 15:48:23.095] [Netty Epoll Server IO #2/DEBUG] [net.minecraftforge.fml.network.FMLLoginWrapper/FMLHANDSHAKE]: Recieved login wrapper packet event for channel fml:handshake with index 12
[25Jun2026 15:48:23.096] [Netty Epoll Server IO #2/DEBUG] [net.minecraftforge.fml.network.FMLHandshakeHandler/FMLHANDSHAKE]: Received client indexed reply 12 of type net.minecraftforge.fml.network.FMLHandshakeMessages$C2SAcknowledge
[25Jun2026 15:48:23.096] [Netty Epoll Server IO #2/DEBUG] [net.minecraftforge.fml.network.FMLHandshakeHandler/FMLHANDSHAKE]: Received acknowledgement from client
[25Jun2026 15:48:23.104] [Netty Epoll Server IO #2/DEBUG] [net.minecraftforge.fml.network.FMLLoginWrapper/FMLHANDSHAKE]: Recieved login wrapper packet event for channel fml:handshake with index 13
[25Jun2026 15:48:23.104] [Netty Epoll Server IO #2/DEBUG] [net.minecraftforge.fml.network.FMLHandshakeHandler/FMLHANDSHAKE]: Received client indexed reply 13 of type net.minecraftforge.fml.network.FMLHandshakeMessages$C2SAcknowledge
[25Jun2026 15:48:23.104] [Netty Epoll Server IO #2/DEBUG] [net.minecraftforge.fml.network.FMLHandshakeHandler/FMLHANDSHAKE]: Received acknowledgement from client
[25Jun2026 15:48:23.104] [Server thread/DEBUG] [net.minecraftforge.fml.network.FMLHandshakeHandler/FMLHANDSHAKE]: Sending ticking packet info 'Registry minecraft:entity_type' to 'fml:handshake' sequence 16
[25Jun2026 15:48:23.136] [Server thread/DEBUG] [net.minecraftforge.fml.network.FMLHandshakeHandler/FMLHANDSHAKE]: Sending ticking packet info 'Config curios-server.toml' to 'fml:handshake' sequence 17
[25Jun2026 15:48:23.190] [Server thread/DEBUG] [net.minecraftforge.fml.network.FMLHandshakeHandler/FMLHANDSHAKE]: Sending ticking packet info 'Config journeymap-server.toml' to 'fml:handshake' sequence 18
[25Jun2026 15:48:23.237] [Server thread/DEBUG] [net.minecraftforge.fml.network.FMLHandshakeHandler/FMLHANDSHAKE]: Sending ticking packet info 'Config carryon-server.toml' to 'fml:handshake' sequence 19
[25Jun2026 15:48:23.249] [Netty Epoll Server IO #2/DEBUG] [net.minecraftforge.fml.network.FMLLoginWrapper/FMLHANDSHAKE]: Recieved login wrapper packet event for channel fml:handshake with index 14
[25Jun2026 15:48:23.252] [Netty Epoll Server IO #2/DEBUG] [net.minecraftforge.fml.network.FMLHandshakeHandler/FMLHANDSHAKE]: Received client indexed reply 14 of type net.minecraftforge.fml.network.FMLHandshakeMessages$C2SAcknowledge
[25Jun2026 15:48:23.252] [Netty Epoll Server IO #2/DEBUG] [net.minecraftforge.fml.network.FMLHandshakeHandler/FMLHANDSHAKE]: Received acknowledgement from client
[25Jun2026 15:48:23.285] [Server thread/DEBUG] [net.minecraftforge.fml.network.FMLHandshakeHandler/FMLHANDSHAKE]: Sending ticking packet info 'Config /workspaces/server-pa-juegar/servidor_minecraft/config/waystones-server.toml' to 'fml:handshake' sequence 20
[25Jun2026 15:48:23.288] [Netty Epoll Server IO #2/DEBUG] [net.minecraftforge.fml.network.FMLLoginWrapper/FMLHANDSHAKE]: Recieved login wrapper packet event for channel fml:handshake with index 15
[25Jun2026 15:48:23.288] [Netty Epoll Server IO #2/DEBUG] [net.minecraftforge.fml.network.FMLHandshakeHandler/FMLHANDSHAKE]: Received client indexed reply 15 of type net.minecraftforge.fml.network.FMLHandshakeMessages$C2SAcknowledge
[25Jun2026 15:48:23.289] [Netty Epoll Server IO #2/DEBUG] [net.minecraftforge.fml.network.FMLHandshakeHandler/FMLHANDSHAKE]: Received acknowledgement from client
[25Jun2026 15:48:23.335] [Server thread/DEBUG] [net.minecraftforge.fml.network.FMLHandshakeHandler/FMLHANDSHAKE]: Sending ticking packet info 'Config forge-server.toml' to 'fml:handshake' sequence 21
[25Jun2026 15:48:23.388] [Server thread/DEBUG] [net.minecraftforge.fml.network.FMLHandshakeHandler/FMLHANDSHAKE]: Sending ticking packet info 'Config jei-server.toml' to 'fml:handshake' sequence 22
[25Jun2026 15:48:26.070] [Netty Epoll Server IO #2/DEBUG] [net.minecraftforge.fml.network.FMLLoginWrapper/FMLHANDSHAKE]: Recieved login wrapper packet event for channel fml:handshake with index 16
[25Jun2026 15:48:26.070] [Netty Epoll Server IO #2/DEBUG] [net.minecraftforge.fml.network.FMLHandshakeHandler/FMLHANDSHAKE]: Received client indexed reply 16 of type net.minecraftforge.fml.network.FMLHandshakeMessages$C2SAcknowledge
[25Jun2026 15:48:26.070] [Netty Epoll Server IO #2/DEBUG] [net.minecraftforge.fml.network.FMLHandshakeHandler/FMLHANDSHAKE]: Received acknowledgement from client
[25Jun2026 15:48:26.105] [Netty Epoll Server IO #2/DEBUG] [net.minecraftforge.fml.network.FMLLoginWrapper/FMLHANDSHAKE]: Recieved login wrapper packet event for channel fml:handshake with index 17
[25Jun2026 15:48:26.105] [Netty Epoll Server IO #2/DEBUG] [net.minecraftforge.fml.network.FMLHandshakeHandler/FMLHANDSHAKE]: Received client indexed reply 17 of type net.minecraftforge.fml.network.FMLHandshakeMessages$C2SAcknowledge
[25Jun2026 15:48:26.105] [Netty Epoll Server IO #2/DEBUG] [net.minecraftforge.fml.network.FMLHandshakeHandler/FMLHANDSHAKE]: Received acknowledgement from client
[25Jun2026 15:48:26.130] [Netty Epoll Server IO #2/DEBUG] [net.minecraftforge.fml.network.FMLLoginWrapper/FMLHANDSHAKE]: Recieved login wrapper packet event for channel fml:handshake with index 18
[25Jun2026 15:48:26.131] [Netty Epoll Server IO #2/DEBUG] [net.minecraftforge.fml.network.FMLHandshakeHandler/FMLHANDSHAKE]: Received client indexed reply 18 of type net.minecraftforge.fml.network.FMLHandshakeMessages$C2SAcknowledge
[25Jun2026 15:48:26.131] [Netty Epoll Server IO #2/DEBUG] [net.minecraftforge.fml.network.FMLHandshakeHandler/FMLHANDSHAKE]: Received acknowledgement from client
[25Jun2026 15:48:26.159] [Netty Epoll Server IO #2/DEBUG] [net.minecraftforge.fml.network.FMLLoginWrapper/FMLHANDSHAKE]: Recieved login wrapper packet event for channel fml:handshake with index 19
[25Jun2026 15:48:26.159] [Netty Epoll Server IO #2/DEBUG] [net.minecraftforge.fml.network.FMLHandshakeHandler/FMLHANDSHAKE]: Received client indexed reply 19 of type net.minecraftforge.fml.network.FMLHandshakeMessages$C2SAcknowledge
[25Jun2026 15:48:26.159] [Netty Epoll Server IO #2/DEBUG] [net.minecraftforge.fml.network.FMLHandshakeHandler/FMLHANDSHAKE]: Received acknowledgement from client
[25Jun2026 15:48:26.160] [Netty Epoll Server IO #2/DEBUG] [net.minecraftforge.fml.network.FMLLoginWrapper/FMLHANDSHAKE]: Recieved login wrapper packet event for channel fml:handshake with index 20
[25Jun2026 15:48:26.160] [Netty Epoll Server IO #2/DEBUG] [net.minecraftforge.fml.network.FMLHandshakeHandler/FMLHANDSHAKE]: Received client indexed reply 20 of type net.minecraftforge.fml.network.FMLHandshakeMessages$C2SAcknowledge
[25Jun2026 15:48:26.160] [Netty Epoll Server IO #2/DEBUG] [net.minecraftforge.fml.network.FMLHandshakeHandler/FMLHANDSHAKE]: Received acknowledgement from client
[25Jun2026 15:48:26.162] [Netty Epoll Server IO #2/DEBUG] [net.minecraftforge.fml.network.FMLLoginWrapper/FMLHANDSHAKE]: Recieved login wrapper packet event for channel fml:handshake with index 21
[25Jun2026 15:48:26.162] [Netty Epoll Server IO #2/DEBUG] [net.minecraftforge.fml.network.FMLHandshakeHandler/FMLHANDSHAKE]: Received client indexed reply 21 of type net.minecraftforge.fml.network.FMLHandshakeMessages$C2SAcknowledge
[25Jun2026 15:48:26.162] [Netty Epoll Server IO #2/DEBUG] [net.minecraftforge.fml.network.FMLHandshakeHandler/FMLHANDSHAKE]: Received acknowledgement from client
[25Jun2026 15:48:26.163] [Netty Epoll Server IO #2/DEBUG] [net.minecraftforge.fml.network.FMLLoginWrapper/FMLHANDSHAKE]: Recieved login wrapper packet event for channel fml:handshake with index 22
[25Jun2026 15:48:26.163] [Netty Epoll Server IO #2/DEBUG] [net.minecraftforge.fml.network.FMLHandshakeHandler/FMLHANDSHAKE]: Received client indexed reply 22 of type net.minecraftforge.fml.network.FMLHandshakeMessages$C2SAcknowledge
[25Jun2026 15:48:26.163] [Netty Epoll Server IO #2/DEBUG] [net.minecraftforge.fml.network.FMLHandshakeHandler/FMLHANDSHAKE]: Received acknowledgement from client
[25Jun2026 15:48:26.179] [Server thread/DEBUG] [net.minecraftforge.fml.network.FMLHandshakeHandler/FMLHANDSHAKE]: Handshake complete!
[25Jun2026 15:48:26.248] [Server thread/INFO] [net.minecraftforge.common.AdvancementLoadFix/]: Using new advancement loading for net.minecraft.advancements.PlayerAdvancements@13ca36cc
[25Jun2026 15:48:26.260] [Server thread/INFO] [net.minecraft.server.management.PlayerList/]: Juanletters1[/127.193.98.123:33075] logged in with entity id 179 at (0.5, 65.0, -242.5)
[25Jun2026 15:48:26.271] [Server thread/DEBUG] [net.minecraftforge.network.NetworkFilters/]: Injected net.minecraftforge.network.ForgeConnectionNetworkFilter@308a59a into net.minecraft.network.NetworkManager@638219db
[25Jun2026 15:48:26.280] [Server thread/INFO] [net.minecraft.server.dedicated.DedicatedServer/]: Juanletters1 joined the game
[25Jun2026 15:48:26.385] [Server thread/INFO] [Waila/]: Syncing config to Juanletters1 (700d05ff-62e6-3292-849b-fc7070390014)
[25Jun2026 15:50:30.869] [Server thread/INFO] [net.minecraft.server.dedicated.DedicatedServer/]: Made Juanletters1 a server operator
[25Jun2026 15:50:39.546] [Server thread/INFO] [net.minecraft.server.dedicated.DedicatedServer/]: Set the time to 1000
[25Jun2026 15:50:57.690] [Server thread/INFO] [net.minecraft.server.dedicated.DedicatedServer/]: [Juanletters1: Set own game mode to Creative Mode]
[25Jun2026 15:53:09.253] [Server thread/DEBUG] [net.minecraftforge.fml.FMLWorldPersistenceHook/WP]: Gathering id map for writing to world save world
[25Jun2026 15:53:09.257] [Server thread/DEBUG] [net.minecraftforge.fml.FMLWorldPersistenceHook/WP]: ID Map collection complete world
[25Jun2026 15:53:50.190] [Server thread/INFO] [net.minecraft.server.dedicated.DedicatedServer/]: Juanletters1 has made the advancement [Stone Age]
[25Jun2026 15:56:14.822] [Server thread/INFO] [net.minecraft.server.dedicated.DedicatedServer/]: [Juanletters1: Gave 1 [Curious Crown] to Juanletters1]
